ts,can_id,is_ext,dlc,b0,b1,b2,b3,b4,b5,b6,b7,label
1790485251.340239,419369217,1,8,66,80,0,0,65,168,0,0,0
1790485251.340447,419369473,1,6,0,0,65,0,0,0,0,0,0
1790485251.340592,419369729,1,4,4,176,0,75,0,0,0,0,0
1790485251.340721,268698629,1,7,128,230,197,71,4,0,192,0,0
1790485251.364188,268698629,1,7,118,230,197,71,4,0,192,0,0
1790485251.384523,268698629,1,7,109,230,197,71,4,0,192,0,0
1790485251.393441,419369473,1,6,0,0,65,0,4,87,0,0,0
1790485251.403630,268698629,1,7,100,230,197,71,4,0,192,0,0
1790485251.424259,268698629,1,7,91,230,197,71,4,0,192,0,0
1790485251.444056,268698629,1,7,83,230,197,71,4,0,192,0,0
1790485251.444543,419369473,1,6,0,0,65,0,8,135,0,0,0
1790485251.444692,419369217,1,8,66,80,0,25,65,168,0,0,0
1790485251.462024,268698629,1,7,75,230,197,71,4,0,192,0,0
1790485251.484110,268698629,1,7,65,230,197,71,4,0,192,0,0
1790485251.494349,419369473,1,6,0,0,65,0,12,155,0,0,0
1790485251.501916,268698629,1,7,57,230,197,71,4,0,192,0,0
1790485251.520808,268698629,1,7,49,230,197,71,4,0,192,0,0
1790485251.543526,419369217,1,8,66,80,0,49,65,168,0,0,0
1790485251.544496,419369729,1,4,4,176,0,75,0,0,0,0,0
1790485251.544577,419369473,1,6,0,0,65,0,16,184,0,0,0
1790485251.544623,268698629,1,7,38,230,197,71,4,0,192,0,0
1790485251.563130,268698629,1,7,30,230,197,71,4,0,192,0,0
1790485251.583513,268698629,1,7,21,230,197,71,4,0,192,0,0
1790485251.592917,419369473,1,6,0,0,65,0,20,172,0,0,0
1790485251.603785,268698629,1,7,12,230,197,71,4,0,192,0,0
1790485251.623998,268698629,1,7,4,230,197,71,4,0,192,0,0
1790485251.643658,268698629,1,7,251,229,197,71,4,0,192,0,0
1790485251.643907,419369217,1,8,66,80,0,72,65,168,0,0,0
1790485251.644044,419369473,1,6,0,0,65,0,24,219,0,0,0
1790485251.661575,268698629,1,7,243,229,197,71,4,0,192,0,0
1790485251.680943,268698629,1,7,235,229,197,71,4,0,192,0,0
1790485251.695401,419369473,1,6,0,0,65,0,29,13,0,0,0
1790485251.702963,268698629,1,7,225,229,197,71,4,0,192,0,0
1790485251.725235,268698629,1,7,215,229,197,71,4,0,192,0,0
1790485251.743030,268698629,1,7,207,229,197,71,4,0,192,0,0
1790485251.743150,419369217,1,8,66,80,0,96,65,168,0,0,0
1790485251.743221,419369729,1,4,4,176,0,75,0,0,0,0,0
1790485251.743259,419369473,1,6,0,0,65,0,32,247,0,0,0
1790485251.765184,268698629,1,7,198,229,197,71,4,0,192,0,0
1790485251.783264,268698629,1,7,190,229,197,71,4,0,192,0,0
1790485251.792313,419369473,1,6,0,0,65,0,36,247,0,0,0
1790485251.804920,268698629,1,7,180,229,197,71,4,0,192,0,0
1790485251.823128,268698629,1,7,172,229,197,71,4,0,192,0,0
1790485251.841173,419369217,1,8,66,80,0,119,65,168,0,0,0
1790485251.841326,268698629,1,7,164,229,197,71,4,0,192,0,0
1790485251.844277,419369473,1,6,0,0,65,0,41,52,0,0,0
1790485251.861389,268698629,1,7,156,229,197,71,4,0,192,0,0
1790485251.882837,268698629,1,7,146,229,197,71,4,0,192,0,0
1790485251.894945,419369473,1,6,0,0,65,0,45,84,0,0,0
1790485251.902353,268698629,1,7,138,229,197,71,4,0,192,0,0
1790485251.922332,268698629,1,7,129,229,197,71,4,0,192,0,0
1790485251.943625,419369217,1,8,66,80,0,144,65,168,0,0,0
1790485251.943750,419369473,1,6,0,0,65,0,49,77,0,0,0
1790485251.943827,268698629,1,7,119,229,197,71,4,0,192,0,0
1790485251.945642,419369729,1,4,4,176,0,75,0,0,0,0,0
1790485251.961554,268698629,1,7,112,229,197,71,4,0,192,0,0
1790485251.985582,268698629,1,7,101,229,197,71,4,0,192,0,0
1790485251.992531,419369473,1,6,0,0,65,0,53,68,0,0,0
1790485252.004543,268698629,1,7,93,229,197,71,4,0,192,0,0
1790485252.024073,268698629,1,7,84,229,197,71,4,0,192,0,0
1790485252.042619,419369217,1,8,66,80,0,167,65,168,0,0,0
1790485252.042803,268698629,1,7,76,229,197,71,4,0,192,0,0
1790485252.042910,419369473,1,6,0,0,65,0,57,91,0,0,0
1790485252.063806,268698629,1,7,67,229,197,71,4,0,192,0,0
1790485252.083059,268698629,1,7,59,229,197,71,4,0,192,0,0
1790485252.094609,419369473,1,6,0,0,65,0,61,140,0,0,0
1790485252.102856,268698629,1,7,50,229,197,71,4,0,192,0,0
1790485252.123970,268698629,1,7,41,229,197,71,4,0,192,0,0
1790485252.142961,268698629,1,7,32,229,197,71,4,0,192,0,0
1790485252.143118,419369217,1,8,66,80,0,191,65,168,0,0,0
1790485252.143185,419369473,1,6,0,0,65,0,65,123,0,0,0
1790485252.143247,419369729,1,4,4,176,0,75,0,0,0,0,0
1790485252.163543,268698629,1,7,23,229,197,71,4,0,192,0,0
1790485252.182915,268698629,1,7,15,229,197,71,4,0,192,0,0
1790485252.192934,419369473,1,6,0,0,65,0,69,127,0,0,0
1790485252.204355,268698629,1,7,6,229,197,71,4,0,192,0,0
1790485252.220920,268698629,1,7,254,228,197,71,4,0,192,0,0
1790485252.244810,419369217,1,8,66,80,0,215,65,168,0,0,0
1790485252.245198,268698629,1,7,244,228,197,71,4,0,192,0,0
1790485252.245269,419369473,1,6,0,0,65,0,73,184,0,0,0
1790485252.263676,268698629,1,7,236,228,197,71,4,0,192,0,0
1790485252.283815,268698629,1,7,227,228,197,71,4,0,192,0,0
1790485252.290912,419369473,1,6,0,0,65,0,77,100,0,0,0
1790485252.303490,268698629,1,7,218,228,197,71,4,0,192,0,0
1790485252.321577,268698629,1,7,211,228,197,71,4,0,192,0,0
1790485252.343197,419369217,1,8,66,80,0,239,65,168,0,0,0
1790485252.343292,268698629,1,7,201,228,197,71,4,0,192,0,0
1790485252.343332,419369729,1,4,4,176,0,75,0,0,0,0,0
1790485252.343365,419369473,1,6,0,0,65,0,81,156,0,0,0
1790485252.364864,268698629,1,7,192,228,197,71,4,0,192,0,0
1790485252.382823,268698629,1,7,184,228,197,71,4,0,192,0,0
1790485252.395426,419369473,1,6,0,0,65,0,85,200,0,0,0
1790485252.404700,268698629,1,7,174,228,197,71,4,0,192,0,0
1790485252.424301,268698629,1,7,166,228,197,71,4,0,192,0,0
1790485252.442328,268698629,1,7,158,228,197,71,4,0,192,0,0
1790485252.442509,419369473,1,6,0,0,65,0,89,141,0,0,0
1790485252.442644,419369217,1,8,66,80,1,6,65,168,0,0,0
1790485252.464418,268698629,1,7,149,228,197,71,4,0,192,0,0
1790485252.483793,268698629,1,7,140,228,197,71,4,0,192,0,0
1790485252.492762,419369473,1,6,0,0,65,0,93,144,0,0,0
1790485252.504020,268698629,1,7,131,228,197,71,4,0,192,0,0
1790485252.522595,268698629,1,7,123,228,197,71,4,0,192,0,0
1790485252.541727,419369217,1,8,66,80,1,30,65,168,0,0,0
1790485252.542152,419369729,1,4,4,176,0,75,0,0,0,0,0
1790485252.542259,419369473,1,6,0,0,65,0,97,130,0,0,0
1790485252.542339,268698629,1,7,115,228,197,71,4,0,192,0,0
1790485252.565069,268698629,1,7,105,228,197,71,4,0,192,0,0
1790485252.582945,268698629,1,7,97,228,197,71,4,0,192,0,0
1790485252.591626,419369473,1,6,0,0,65,0,101,110,0,0,0
1790485252.604537,268698629,1,7,88,228,197,71,4,0,192,0,0
1790485252.622812,268698629,1,7,80,228,197,71,4,0,192,0,0
1790485252.643658,419369217,1,8,66,80,1,54,65,168,0,0,0
1790485252.643999,419369473,1,6,0,0,65,0,105,149,0,0,0
1790485252.644113,268698629,1,7,71,228,197,71,4,0,192,0,0
1790485252.662483,268698629,1,7,63,228,197,71,4,0,192,0,0
1790485252.685151,268698629,1,7,53,228,197,71,4,0,192,0,0
1790485252.693669,419369473,1,6,0,0,65,0,109,130,0,0,0
1790485252.704722,268698629,1,7,45,228,197,71,4,0,192,0,0
1790485252.724602,268698629,1,7,36,228,197,71,4,0,192,0,0
1790485252.742943,268698629,1,7,28,228,197,71,4,0,192,0,0
1790485252.743122,419369729,1,4,4,176,0,75,0,0,0,0,0
1790485252.743175,419369473,1,6,0,0,65,0,113,105,0,0,0
1790485252.743249,419369217,1,8,66,80,1,78,65,168,0,0,0
1790485252.760920,268698629,1,7,20,228,197,71,4,0,192,0,0
1790485252.782104,268698629,1,7,11,228,197,71,4,0,192,0,0
1790485252.794798,419369473,1,6,0,0,65,0,117,119,0,0,0
1790485252.803545,268698629,1,7,2,228,197,71,4,0,192,0,0
1790485252.824279,268698629,1,7,249,227,197,71,4,0,192,0,0
1790485252.843471,268698629,1,7,241,227,197,71,4,0,192,0,0
1790485252.843573,419369217,1,8,66,80,1,101,65,168,0,0,0
1790485252.843640,419369473,1,6,0,0,65,0,121,76,0,0,0
1790485252.861667,268698629,1,7,233,227,197,71,4,0,192,0,0
1790485252.883790,268698629,1,7,224,227,197,71,4,0,192,0,0
1790485252.894294,419369473,1,6,0,0,65,0,125,64,0,0,0
1790485252.904732,268698629,1,7,215,227,197,71,4,0,192,0,0
1790485252.924324,268698629,1,7,206,227,197,71,4,0,192,0,0
1790485252.942944,268698629,1,7,198,227,197,71,4,0,192,0,0
1790485252.943130,419369473,1,6,0,0,65,0,129,14,0,0,0
1790485252.943216,419369217,1,8,66,80,1,125,65,168,0,0,0
1790485252.943289,419369729,1,4,4,176,0,75,0,0,0,0,0
1790485252.961817,268698629,1,7,190,227,197,71,4,0,192,0,0
1790485252.984653,268698629,1,7,181,227,197,71,4,0,192,0,0
1790485252.991957,419369473,1,6,0,0,65,0,132,216,0,0,0
1790485253.004625,268698629,1,7,172,227,197,71,4,0,192,0,0
1790485253.022313,268698629,1,7,164,227,197,71,4,0,192,0,0
1790485253.044365,419369217,1,8,66,80,1,149,65,168,0,0,0
1790485253.044456,268698629,1,7,155,227,197,71,4,0,192,0,0
1790485253.044497,419369473,1,6,0,0,65,0,136,233,0,0,0
1790485253.064841,268698629,1,7,146,227,197,71,4,0,192,0,0
1790485253.084538,268698629,1,7,138,227,197,71,4,0,192,0,0
1790485253.094027,419369473,1,6,0,0,65,0,140,185,0,0,0
1790485253.101541,268698629,1,7,131,227,197,71,4,0,192,0,0
1790485253.125002,268698629,1,7,121,227,197,71,4,0,192,0,0
1790485253.142659,268698629,1,7,113,227,197,71,4,0,192,0,0
1790485253.142859,419369473,1,6,0,0,65,0,144,122,0,0,0
1790485253.142963,419369729,1,4,4,176,0,75,0,0,0,0,0
1790485253.143108,419369217,1,8,66,80,1,172,65,168,0,0,0
1790485253.162944,268698629,1,7,105,227,197,71,4,0,192,0,0
1790485253.182038,268698629,1,7,96,227,197,71,4,0,192,0,0
1790485253.191164,419369473,1,6,0,0,65,0,148,44,0,0,0
1790485253.204645,268698629,1,7,87,227,197,71,4,0,192,0,0
1790485253.220819,268698629,1,7,80,227,197,71,4,0,192,0,0
1790485253.244480,419369217,1,8,66,80,1,196,65,168,0,0,0
1790485253.244596,419369473,1,6,0,0,65,0,152,63,0,0,0
1790485253.244789,268698629,1,7,70,227,197,71,4,0,192,0,0
1790485253.261365,268698629,1,7,63,227,197,71,4,0,192,0,0
1790485253.282996,268698629,1,7,54,227,197,71,4,0,192,0,0
1790485253.295112,419369473,1,6,0,0,65,0,156,19,0,0,0
1790485253.303258,268698629,1,7,45,227,197,71,4,0,192,0,0
1790485253.321121,268698629,1,7,38,227,197,71,4,0,192,0,0
1790485253.340498,419369217,1,8,66,80,1,218,65,168,0,0,0
1790485253.342209,419369473,1,6,0,0,65,0,159,164,0,0,0
1790485253.342305,268698629,1,7,29,227,197,71,4,0,192,0,0
1790485253.342375,419369729,1,4,4,176,0,75,0,0,0,0,0
1790485253.362270,268698629,1,7,20,227,197,71,4,0,192,0,0
1790485253.382766,268698629,1,7,12,227,197,71,4,0,192,0,0
1790485253.395349,419369473,1,6,0,0,65,0,163,163,0,0,0
1790485253.404095,268698629,1,7,3,227,197,71,4,0,192,0,0
1790485253.424792,268698629,1,7,250,226,197,71,4,0,192,0,0
1790485253.444038,268698629,1,7,242,226,197,71,4,0,192,0,0
1790485253.444223,419369473,1,6,0,0,65,0,167,77,0,0,0
1790485253.444341,419369217,1,8,66,80,1,242,65,168,0,0,0
1790485253.461360,268698629,1,7,235,226,197,71,4,0,192,0,0
1790485253.485378,268698629,1,7,225,226,197,71,4,0,192,0,0
1790485253.494559,419369473,1,6,0,0,65,0,171,14,0,0,0
1790485253.504084,268698629,1,7,217,226,197,71,4,0,192,0,0
1790485253.521440,268698629,1,7,210,226,197,71,4,0,192,0,0
1790485253.542149,419369473,1,6,0,0,65,0,174,151,0,0,0
1790485253.542371,268698629,1,7,201,226,197,71,4,0,192,0,0
1790485253.542449,419369729,1,4,4,176,0,75,0,0,0,0,0
1790485253.542490,419369217,1,8,66,80,2,9,65,168,0,0,0
1790485253.564377,268698629,1,7,192,226,197,71,4,0,192,0,0
1790485253.583538,268698629,1,7,184,226,197,71,4,0,192,0,0
1790485253.594861,419369473,1,6,0,0,65,0,178,124,0,0,0
1790485253.605086,268698629,1,7,175,226,197,71,4,0,192,0,0
1790485253.623972,268698629,1,7,167,226,197,71,4,0,192,0,0
1790485253.643992,419369217,1,8,66,80,2,33,65,168,0,0,0
1790485253.644180,268698629,1,7,158,226,197,71,4,0,192,0,0
1790485253.644986,419369473,1,6,0,0,65,0,182,44,0,0,0
1790485253.661276,268698629,1,7,151,226,197,71,4,0,192,0,0
1790485253.685588,268698629,1,7,141,226,197,71,4,0,192,0,0
1790485253.695005,419369473,1,6,0,0,65,0,185,213,0,0,0
1790485253.703432,268698629,1,7,134,226,197,71,4,0,192,0,0
1790485253.722332,268698629,1,7,126,226,197,71,4,0,192,0,0
1790485253.744598,268698629,1,7,117,226,197,71,4,0,192,0,0
1790485253.744754,419369729,1,4,4,176,0,75,0,0,0,0,0
1790485253.744804,419369217,1,8,66,80,2,57,65,168,0,0,0
1790485253.744861,419369473,1,6,0,0,65,0,189,119,0,0,0
1790485253.761960,268698629,1,7,110,226,197,71,4,0,192,0,0
1790485253.782919,268698629,1,7,101,226,197,71,4,0,192,0,0
1790485253.793924,419369473,1,6,0,0,65,0,193,4,0,0,0
1790485253.804040,268698629,1,7,92,226,197,71,4,0,192,0,0
1790485253.825047,268698629,1,7,84,226,197,71,4,0,192,0,0
1790485253.843093,268698629,1,7,76,226,197,71,4,0,192,0,0
1790485253.843202,419369473,1,6,0,0,65,0,196,146,0,0,0
1790485253.843263,419369217,1,8,66,80,2,79,65,168,0,0,0
1790485253.863968,268698629,1,7,68,226,197,71,4,0,192,0,0
1790485253.884416,268698629,1,7,59,226,197,71,4,0,192,0,0
1790485253.894565,419369473,1,6,0,0,65,0,200,64,0,0,0
1790485253.901922,268698629,1,7,52,226,197,71,4,0,192,0,0
1790485253.924352,268698629,1,7,43,226,197,71,4,0,192,0,0
1790485253.943094,268698629,1,7,35,226,197,71,4,0,192,0,0
1790485253.943217,419369217,1,8,66,80,2,103,65,168,0,0,0
1790485253.943304,419369729,1,4,4,176,0,75,0,0,0,0,0
1790485253.943379,419369473,1,6,0,0,65,0,203,187,0,0,0
1790485253.962672,268698629,1,7,27,226,197,71,4,0,192,0,0
1790485253.984085,268698629,1,7,18,226,197,71,4,0,192,0,0
1790485253.995405,419369473,1,6,0,0,65,0,207,107,0,0,0
1790485254.002539,268698629,1,7,11,226,197,71,4,0,192,0,0
1790485254.024365,268698629,1,7,2,226,197,71,4,0,192,0,0
1790485254.041110,419369473,1,6,0,0,65,0,210,163,0,0,0
1790485254.041225,268698629,1,7,251,225,197,71,4,0,192,0,0
1790485254.041267,419369217,1,8,66,80,2,125,65,168,0,0,0
1790485254.065312,268698629,1,7,241,225,197,71,4,0,192,0,0
1790485254.083234,268698629,1,7,234,225,197,71,4,0,192,0,0
1790485254.090723,419369473,1,6,0,0,65,0,214,28,0,0,0
1790485254.103731,268698629,1,7,226,225,197,71,4,0,192,0,0
1790485254.124971,268698629,1,7,217,225,197,71,4,0,192,0,0
1790485254.143497,268698629,1,7,210,225,197,71,4,0,192,0,0
1790485254.144603,419369217,1,8,66,80,2,149,65,168,0,0,0
1790485254.144737,419369729,1,4,4,176,0,75,0,0,0,0,0
1790485254.144881,419369473,1,6,0,0,65,0,217,226,0,0,0
1790485254.163826,268698629,1,7,201,225,197,71,4,0,192,0,0
1790485254.181711,268698629,1,7,194,225,197,71,4,0,192,0,0
1790485254.192411,419369473,1,6,0,0,65,0,221,43,0,0,0
1790485254.203756,268698629,1,7,185,225,197,71,4,0,192,0,0
1790485254.223919,268698629,1,7,177,225,197,71,4,0,192,0,0
1790485254.244541,419369217,1,8,66,80,2,172,65,168,0,0,0
1790485254.244920,268698629,1,7,169,225,197,71,4,0,192,0,0
1790485254.245331,419369473,1,6,0,0,65,0,224,206,0,0,0
1790485254.262848,268698629,1,7,161,225,197,71,4,0,192,0,0
1790485254.282157,268698629,1,7,154,225,197,71,4,0,192,0,0
1790485254.293532,419369473,1,6,0,0,65,0,228,24,0,0,0
1790485254.302528,268698629,1,7,146,225,197,71,4,0,192,0,0
1790485254.324441,268698629,1,7,137,225,197,71,4,0,192,0,0
1790485254.342657,268698629,1,7,129,225,197,71,4,0,192,0,0
1790485254.342771,419369729,1,4,4,176,0,75,0,0,0,0,0
1790485254.342820,419369473,1,6,0,0,65,0,231,112,0,0,0
1790485254.342874,419369217,1,8,66,80,2,195,65,168,0,0,0
1790485254.364153,268698629,1,7,121,225,197,71,4,0,192,0,0
1790485254.382358,268698629,1,7,114,225,197,71,4,0,192,0,0
1790485254.392665,419369473,1,6,0,0,65,0,234,203,0,0,0
1790485254.401089,268698629,1,7,106,225,197,71,4,0,192,0,0
1790485254.424191,268698629,1,7,97,225,197,71,4,0,192,0,0
1790485254.444058,419369217,1,8,66,80,2,218,65,168,0,0,0
1790485254.444171,268698629,1,7,89,225,197,71,4,0,192,0,0
1790485254.444215,419369473,1,6,0,0,65,0,238,62,0,0,0
1790485254.462074,268698629,1,7,82,225,197,71,4,0,192,0,0
1790485254.484531,268698629,1,7,73,225,197,71,4,0,192,0,0
1790485254.491320,419369473,1,6,0,0,65,0,241,95,0,0,0
1790485254.502919,268698629,1,7,66,225,197,71,4,0,192,0,0
1790485254.523134,268698629,1,7,58,225,197,71,4,0,192,0,0
1790485254.542561,419369217,1,8,66,80,2,241,65,168,0,0,0
1790485254.542735,268698629,1,7,50,225,197,71,4,0,192,0,0
1790485254.542823,419369473,1,6,0,0,65,0,244,197,0,0,0
1790485254.542866,419369729,1,4,4,176,0,75,0,0,0,0,0
1790485254.563372,268698629,1,7,42,225,197,71,4,0,192,0,0
1790485254.583247,268698629,1,7,34,225,197,71,4,0,192,0,0
1790485254.593254,419369473,1,6,0,0,65,0,248,17,0,0,0
1790485254.601002,268698629,1,7,27,225,197,71,4,0,192,0,0
1790485254.625279,268698629,1,7,18,225,197,71,4,0,192,0,0
1790485254.644171,268698629,1,7,10,225,197,71,4,0,192,0,0
1790485254.644314,419369217,1,8,66,80,3,8,65,168,0,0,0
1790485254.644370,419369473,1,6,0,0,65,0,251,99,0,0,0
1790485254.664972,268698629,1,7,2,225,197,71,4,0,192,0,0
1790485254.682026,268698629,1,7,251,224,197,71,4,0,192,0,0
1790485254.695344,419369473,1,6,0,0,65,0,254,171,0,0,0
1790485254.704315,268698629,1,7,243,224,197,71,4,0,192,0,0
1790485254.721673,268698629,1,7,236,224,197,71,4,0,192,0,0
1790485254.743098,419369473,1,6,0,0,65,1,1,185,0,0,0
1790485254.743207,419369217,1,8,66,80,3,30,65,168,0,0,0
1790485254.743256,268698629,1,7,228,224,197,71,4,0,192,0,0
1790485254.743314,419369729,1,4,4,176,0,75,0,0,0,0,0
1790485254.761107,268698629,1,7,221,224,197,71,4,0,192,0,0
1790485254.783140,268698629,1,7,212,224,197,71,4,0,192,0,0
1790485254.792849,419369473,1,6,0,0,65,1,4,224,0,0,0
1790485254.802677,268698629,1,7,205,224,197,71,4,0,192,0,0
1790485254.823403,268698629,1,7,197,224,197,71,4,0,192,0,0
1790485254.840935,419369217,1,8,66,80,3,52,65,168,0,0,0
1790485254.841194,419369473,1,6,0,0,65,1,7,235,0,0,0
1790485254.841378,268698629,1,7,190,224,197,71,4,0,192,0,0
1790485254.863256,268698629,1,7,181,224,197,71,4,0,192,0,0
1790485254.884964,268698629,1,7,173,224,197,71,4,0,192,0,0
1790485254.891416,419369473,1,6,0,0,65,1,11,12,0,0,0
1790485254.902905,268698629,1,7,166,224,197,71,4,0,192,0,0
1790485254.924057,268698629,1,7,158,224,197,71,4,0,192,0,0
1790485254.943774,268698629,1,7,150,224,197,71,4,0,192,0,0
1790485254.943916,419369217,1,8,66,80,3,76,65,168,0,0,0
1790485254.943968,419369473,1,6,0,0,65,1,14,77,0,0,0
1790485254.944005,419369729,1,4,4,176,0,75,0,0,0,0,0
1790485254.963391,268698629,1,7,143,224,197,71,4,0,192,0,0
1790485254.983567,268698629,1,7,135,224,197,71,4,0,192,0,0
1790485254.995463,419369473,1,6,0,0,65,1,17,116,0,0,0
1790485255.003713,268698629,1,7,127,224,197,71,4,0,192,0,0
1790485255.022736,268698629,1,7,120,224,197,71,4,0,192,0,0
1790485255.044175,268698629,1,7,112,224,197,71,4,0,192,0,0
1790485255.044283,419369473,1,6,0,0,65,1,20,108,0,0,0
1790485255.044333,419369217,1,8,66,80,3,98,65,168,0,0,0
1790485255.062605,268698629,1,7,105,224,197,71,4,0,192,0,0
1790485255.084700,268698629,1,7,97,224,197,71,4,0,192,0,0
1790485255.093011,419369473,1,6,0,0,65,1,23,90,0,0,0
1790485255.102840,268698629,1,7,90,224,197,71,4,0,192,0,0
1790485255.124723,268698629,1,7,82,224,197,71,4,0,192,0,0
1790485255.142891,268698629,1,7,75,224,197,71,4,0,192,0,0
1790485255.143007,419369217,1,8,66,80,3,120,65,168,0,0,0
1790485255.143088,419369473,1,6,0,0,65,1,26,87,0,0,0
1790485255.143154,419369729,1,4,4,176,0,75,0,0,0,0,0
1790485255.162879,268698629,1,7,67,224,197,71,4,0,192,0,0
1790485255.182032,268698629,1,7,60,224,197,71,4,0,192,0,0
1790485255.193182,419369473,1,6,0,0,65,1,29,76,0,0,0
1790485255.205399,268698629,1,7,51,224,197,71,4,0,192,0,0
1790485255.223496,268698629,1,7,45,224,197,71,4,0,192,0,0
1790485255.244839,419369217,1,8,66,80,3,143,65,168,0,0,0
1790485255.245176,268698629,1,7,37,224,197,71,4,0,192,0,0
1790485255.245356,419369473,1,6,0,0,65,1,32,89,0,0,0
1790485255.263755,268698629,1,7,30,224,197,71,4,0,192,0,0
1790485255.284383,268698629,1,7,22,224,197,71,4,0,192,0,0
1790485255.294712,419369473,1,6,0,0,65,1,35,52,0,0,0
1790485255.303037,268698629,1,7,15,224,197,71,4,0,192,0,0
1790485255.324179,268698629,1,7,7,224,197,71,4,0,192,0,0
1790485255.342050,268698629,1,7,1,224,197,71,4,0,192,0,0
1790485255.342171,419369217,1,8,66,80,3,165,65,168,0,0,0
1790485255.342264,419369729,1,4,4,176,0,75,0,0,0,0,0
1790485255.342342,419369473,1,6,0,0,65,1,37,240,0,0,0
1790485255.364676,268698629,1,7,248,223,197,71,4,0,192,0,0
1790485255.383768,268698629,1,7,241,223,197,71,4,0,192,0,0
1790485255.393752,419369473,1,6,0,0,65,1,40,218,0,0,0
1790485255.403925,268698629,1,7,234,223,197,71,4,0,192,0,0
1790485255.424760,268698629,1,7,226,223,197,71,4,0,192,0,0
1790485255.442459,268698629,1,7,220,223,197,71,4,0,192,0,0
1790485255.442639,419369217,1,8,66,80,3,187,65,168,0,0,0
1790485255.442742,419369473,1,6,0,0,65,1,43,155,0,0,0
1790485255.461596,268698629,1,7,213,223,197,71,4,0,192,0,0
1790485255.485486,268698629,1,7,204,223,197,71,4,0,192,0,0
1790485255.492592,419369473,1,6,0,0,65,1,46,96,0,0,0
1790485255.503571,268698629,1,7,197,223,197,71,4,0,192,0,0
1790485255.525072,268698629,1,7,190,223,197,71,4,0,192,0,0
1790485255.544342,419369473,1,6,0,0,65,1,49,56,0,0,0
1790485255.544454,419369729,1,4,4,176,0,75,0,0,0,0,0
1790485255.544518,419369217,1,8,66,80,3,210,65,168,0,0,0
1790485255.544591,268698629,1,7,182,223,197,71,4,0,192,0,0
1790485255.563118,268698629,1,7,176,223,197,71,4,0,192,0,0
1790485255.584308,268698629,1,7,168,223,197,71,4,0,192,0,0
1790485255.594426,419369473,1,6,0,0,65,1,51,240,0,0,0
1790485255.604148,268698629,1,7,161,223,197,71,4,0,192,0,0
1790485255.624840,268698629,1,7,154,223,197,71,4,0,192,0,0
1790485255.644465,419369217,1,8,66,80,3,232,65,168,0,0,0
1790485255.644576,268698629,1,7,146,223,197,71,4,0,192,0,0
1790485255.645057,419369473,1,6,0,0,65,1,54,169,0,0,0
1790485255.663302,268698629,1,7,140,223,197,71,4,0,192,0,0
1790485255.682667,268698629,1,7,133,223,197,71,4,0,192,0,0
1790485255.693556,419369473,1,6,0,0,65,1,57,60,0,0,0
1790485255.703902,268698629,1,7,125,223,197,71,4,0,192,0,0
1790485255.721646,268698629,1,7,119,223,197,71,4,0,192,0,0
1790485255.741030,419369473,1,6,0,0,65,1,59,185,0,0,0
1790485255.741174,268698629,1,7,112,223,197,71,4,0,192,0,0
1790485255.741308,419369217,1,8,66,80,3,253,65,168,0,0,0
1790485255.741424,419369729,1,4,4,176,0,75,0,0,0,0,0
1790485255.762291,268698629,1,7,104,223,197,71,4,0,192,0,0
1790485255.782509,268698629,1,7,97,223,197,71,4,0,192,0,0
1790485255.792549,419369473,1,6,0,0,65,1,62,101,0,0,0
1790485255.804527,268698629,1,7,90,223,197,71,4,0,192,0,0
1790485255.824390,268698629,1,7,83,223,197,71,4,0,192,0,0
1790485255.842665,419369217,1,8,66,80,4,19,65,168,0,0,0
1790485255.842883,419369473,1,6,0,0,65,1,64,250,0,0,0
1790485255.843023,268698629,1,7,76,223,197,71,4,0,192,0,0
1790485255.861248,268698629,1,7,70,223,197,71,4,0,192,0,0
1790485255.882214,268698629,1,7,62,223,197,71,4,0,192,0,0
1790485255.893060,419369473,1,6,0,0,65,1,67,131,0,0,0
1790485255.904129,268698629,1,7,55,223,197,71,4,0,192,0,0
1790485255.924932,268698629,1,7,47,223,197,71,4,0,192,0,0
1790485255.942414,419369217,1,8,66,80,4,41,65,168,0,0,0
1790485255.942554,419369473,1,6,0,0,65,1,69,252,0,0,0
1790485255.942639,268698629,1,7,41,223,197,71,4,0,192,0,0
1790485255.942678,419369729,1,4,4,176,0,75,0,0,0,0,0
1790485255.962969,268698629,1,7,34,223,197,71,4,0,192,0,0
1790485255.984539,268698629,1,7,27,223,197,71,4,0,192,0,0
1790485255.994856,419369473,1,6,0,0,65,1,72,143,0,0,0
1790485256.001217,268698629,1,7,21,223,197,71,4,0,192,0,0
1790485256.022111,268698629,1,7,14,223,197,71,4,0,192,0,0
1790485256.041849,419369217,1,8,66,80,4,63,65,168,0,0,0
1790485256.042006,268698629,1,7,7,223,197,71,4,0,192,0,0
1790485256.042070,419369473,1,6,0,0,65,1,74,219,0,0,0
1790485256.065423,268698629,1,7,255,222,197,71,4,0,192,0,0
1790485256.083278,268698629,1,7,249,222,197,71,4,0,192,0,0
1790485256.090800,419369473,1,6,0,0,65,1,77,49,0,0,0
1790485256.102372,268698629,1,7,242,222,197,71,4,0,192,0,0
1790485256.124536,268698629,1,7,235,222,197,71,4,0,192,0,0
1790485256.141963,419369473,1,6,0,0,65,1,79,156,0,0,0
1790485256.142297,419369729,1,4,4,176,0,75,0,0,0,0,0
1790485256.142416,268698629,1,7,228,222,197,71,4,0,192,0,0
1790485256.142563,419369217,1,8,66,80,4,85,65,168,0,0,0
1790485256.162558,268698629,1,7,222,222,197,71,4,0,192,0,0
1790485256.185026,268698629,1,7,214,222,197,71,4,0,192,0,0
1790485256.193837,419369473,1,6,0,0,65,1,82,8,0,0,0
1790485256.203606,268698629,1,7,208,222,197,71,4,0,192,0,0
1790485256.224749,268698629,1,7,201,222,197,71,4,0,192,0,0
1790485256.244541,268698629,1,7,194,222,197,71,4,0,192,0,0
1790485256.245414,419369217,1,8,66,80,4,107,65,168,0,0,0
1790485256.245667,419369473,1,6,0,0,65,1,84,104,0,0,0
1790485256.260958,268698629,1,7,188,222,197,71,4,0,192,0,0
1790485256.285330,268698629,1,7,180,222,197,71,4,0,192,0,0
1790485256.291235,419369473,1,6,0,0,65,1,86,120,0,0,0
1790485256.304065,268698629,1,7,174,222,197,71,4,0,192,0,0
1790485256.323567,268698629,1,7,168,222,197,71,4,0,192,0,0
1790485256.342660,419369217,1,8,66,80,4,128,65,168,0,0,0
1790485256.342812,268698629,1,7,161,222,197,71,4,0,192,0,0
1790485256.342927,419369473,1,6,0,0,65,1,88,199,0,0,0
1790485256.343035,419369729,1,4,4,176,0,75,0,0,0,0,0
1790485256.363496,268698629,1,7,154,222,197,71,4,0,192,0,0
1790485256.384530,268698629,1,7,147,222,197,71,4,0,192,0,0
1790485256.393769,419369473,1,6,0,0,65,1,91,2,0,0,0
1790485256.401795,268698629,1,7,142,222,197,71,4,0,192,0,0
1790485256.422652,268698629,1,7,135,222,197,71,4,0,192,0,0
1790485256.444134,419369217,1,8,66,80,4,149,65,168,0,0,0
1790485256.444321,419369473,1,6,0,0,65,1,93,49,0,0,0
1790485256.444464,268698629,1,7,128,222,197,71,4,0,192,0,0
1790485256.464648,268698629,1,7,121,222,197,71,4,0,192,0,0
1790485256.484562,268698629,1,7,115,222,197,71,4,0,192,0,0
1790485256.491374,419369473,1,6,0,0,65,1,95,48,0,0,0
1790485256.504371,268698629,1,7,108,222,197,71,4,0,192,0,0
1790485256.523623,268698629,1,7,102,222,197,71,4,0,192,0,0
1790485256.544579,419369217,1,8,66,80,4,171,65,168,0,0,0
1790485256.544744,268698629,1,7,95,222,197,71,4,0,192,0,0
1790485256.545253,419369729,1,4,4,176,0,75,0,0,0,0,0
1790485256.545402,419369473,1,6,0,0,65,1,97,114,0,0,0
1790485256.564842,268698629,1,7,89,222,197,71,4,0,192,0,0
1790485256.583215,268698629,1,7,83,222,197,71,4,0,192,0,0
1790485256.593453,419369473,1,6,0,0,65,1,99,107,0,0,0
1790485256.605434,268698629,1,7,75,222,197,71,4,0,192,0,0
1790485256.623535,268698629,1,7,70,222,197,71,4,0,192,0,0
1790485256.644470,419369217,1,8,66,80,4,192,65,168,0,0,0
1790485256.644656,419369473,1,6,0,0,65,1,101,124,0,0,0
1790485256.644709,268698629,1,7,63,222,197,71,4,0,192,0,0
1790485256.662984,268698629,1,7,57,222,197,71,4,0,192,0,0
1790485256.682931,268698629,1,7,51,222,197,71,4,0,192,0,0
1790485256.693133,419369473,1,6,0,0,65,1,103,104,0,0,0
1790485256.703565,268698629,1,7,44,222,197,71,4,0,192,0,0
1790485256.724049,268698629,1,7,38,222,197,71,4,0,192,0,0
1790485256.742488,268698629,1,7,32,222,197,71,4,0,192,0,0
1790485256.742666,419369217,1,8,66,80,4,212,65,168,0,0,0
1790485256.744276,419369473,1,6,0,0,65,1,105,102,0,0,0
1790485256.745567,419369729,1,4,4,176,0,75,0,0,0,0,0
1790485256.764319,268698629,1,7,25,222,197,71,4,0,192,0,0
1790485256.782094,268698629,1,7,19,222,197,71,4,0,192,0,0
1790485256.792817,419369473,1,6,0,0,65,1,107,64,0,0,0
1790485256.804826,268698629,1,7,12,222,197,71,4,0,192,0,0
1790485256.820919,268698629,1,7,7,222,197,71,4,0,192,0,0
1790485256.843544,419369217,1,8,66,80,4,234,65,168,0,0,0
1790485256.843738,268698629,1,7,0,222,197,71,4,0,192,0,0
1790485256.843853,419369473,1,6,0,0,65,1,109,42,0,0,0
1790485256.862806,268698629,1,7,250,221,197,71,4,0,192,0,0
1790485256.883895,268698629,1,7,244,221,197,71,4,0,192,0,0
1790485256.893720,419369473,1,6,0,0,65,1,110,255,0,0,0
1790485256.903750,268698629,1,7,238,221,197,71,4,0,192,0,0
1790485256.923961,268698629,1,7,231,221,197,71,4,0,192,0,0
1790485256.944352,419369217,1,8,66,80,4,255,65,168,0,0,0
1790485256.944474,268698629,1,7,225,221,197,71,4,0,192,0,0
1790485256.944518,419369473,1,6,0,0,65,1,112,212,0,0,0
1790485256.944553,419369729,1,4,4,176,0,75,0,0,0,0,0
1790485256.961205,268698629,1,7,220,221,197,71,4,0,192,0,0
1790485256.985263,268698629,1,7,213,221,197,71,4,0,192,0,0
1790485256.991491,419369473,1,6,0,0,65,1,114,124,0,0,0
1790485257.001633,268698629,1,7,208,221,197,71,4,0,192,0,0
1790485257.023231,268698629,1,7,201,221,197,71,4,0,192,0,0
1790485257.044821,419369217,1,8,66,80,5,19,65,168,0,0,0
1790485257.044963,268698629,1,7,195,221,197,71,4,0,192,0,0
1790485257.045032,419369473,1,6,0,0,65,1,116,85,0,0,0
1790485257.061316,268698629,1,7,190,221,197,71,4,0,192,0,0
1790485257.084213,268698629,1,7,183,221,197,71,4,0,192,0,0
1790485257.093057,419369473,1,6,0,0,65,1,117,244,0,0,0
1790485257.103572,268698629,1,7,177,221,197,71,4,0,192,0,0
1790485257.124441,268698629,1,7,171,221,197,71,4,0,192,0,0
1790485257.140910,419369217,1,8,66,80,5,39,65,168,0,0,0
1790485257.141117,268698629,1,7,166,221,197,71,4,0,192,0,0
1790485257.144476,419369473,1,6,0,0,65,1,119,167,0,0,0
1790485257.144655,419369729,1,4,4,176,0,75,0,0,0,0,0
1790485257.164657,268698629,1,7,159,221,197,71,4,0,192,0,0
1790485257.182643,268698629,1,7,154,221,197,71,4,0,192,0,0
1790485257.194843,419369473,1,6,0,0,65,1,121,72,0,0,0
1790485257.202495,268698629,1,7,148,221,197,71,4,0,192,0,0
1790485257.224919,268698629,1,7,141,221,197,71,4,0,192,0,0
1790485257.241406,268698629,1,7,136,221,197,71,4,0,192,0,0
1790485257.241768,419369217,1,8,66,80,5,60,65,168,0,0,0
1790485257.245292,419369473,1,6,0,0,65,1,122,223,0,0,0
1790485257.262767,268698629,1,7,130,221,197,71,4,0,192,0,0
1790485257.281558,268698629,1,7,125,221,197,71,4,0,192,0,0
1790485257.292844,419369473,1,6,0,0,65,1,124,85,0,0,0
1790485257.303632,268698629,1,7,118,221,197,71,4,0,192,0,0
1790485257.323182,268698629,1,7,113,221,197,71,4,0,192,0,0
1790485257.343790,268698629,1,7,107,221,197,71,4,0,192,0,0
1790485257.343932,419369473,1,6,0,0,65,1,125,222,0,0,0
1790485257.344059,419369217,1,8,66,80,5,81,65,168,0,0,0
1790485257.344142,419369729,1,4,4,176,0,75,0,0,0,0,0
1790485257.365054,268698629,1,7,101,221,197,71,4,0,192,0,0
1790485257.382320,268698629,1,7,96,221,197,71,4,0,192,0,0
1790485257.394559,419369473,1,6,0,0,65,1,127,89,0,0,0
1790485257.403643,268698629,1,7,90,221,197,71,4,0,192,0,0
1790485257.424491,268698629,1,7,84,221,197,71,4,0,192,0,0
1790485257.443259,268698629,1,7,78,221,197,71,4,0,192,0,0
1790485257.443396,419369217,1,8,66,80,5,101,65,168,0,0,0
1790485257.443450,419369473,1,6,0,0,65,1,128,189,0,0,0
1790485257.461567,268698629,1,7,73,221,197,71,4,0,192,0,0
1790485257.484575,268698629,1,7,67,221,197,71,4,0,192,0,0
1790485257.493487,419369473,1,6,0,0,65,1,130,32,0,0,0
1790485257.503986,268698629,1,7,61,221,197,71,4,0,192,0,0
1790485257.522888,268698629,1,7,56,221,197,71,4,0,192,0,0
1790485257.541932,419369217,1,8,66,80,5,121,65,168,0,0,0
1790485257.542061,268698629,1,7,51,221,197,71,4,0,192,0,0
1790485257.542136,419369473,1,6,0,0,65,1,131,112,0,0,0
1790485257.542212,419369729,1,4,4,176,0,75,0,0,0,0,0
1790485257.561683,268698629,1,7,45,221,197,71,4,0,192,0,0
1790485257.583189,268698629,1,7,39,221,197,71,4,0,192,0,0
1790485257.593310,419369473,1,6,0,0,65,1,132,199,0,0,0
1790485257.602309,268698629,1,7,34,221,197,71,4,0,192,0,0
1790485257.625115,268698629,1,7,28,221,197,71,4,0,192,0,0
1790485257.643496,268698629,1,7,23,221,197,71,4,0,192,0,0
1790485257.643656,419369217,1,8,66,80,5,141,65,168,0,0,0
1790485257.643749,419369473,1,6,0,0,65,1,134,15,0,0,0
1790485257.663924,268698629,1,7,17,221,197,71,4,0,192,0,0
1790485257.684098,268698629,1,7,12,221,197,71,4,0,192,0,0
1790485257.695272,419369473,1,6,0,0,65,1,135,83,0,0,0
1790485257.701543,268698629,1,7,7,221,197,71,4,0,192,0,0
1790485257.722904,268698629,1,7,1,221,197,71,4,0,192,0,0
1790485257.743056,419369473,1,6,0,0,65,1,136,119,0,0,0
1790485257.743185,419369217,1,8,66,80,5,161,65,168,0,0,0
1790485257.743259,268698629,1,7,252,220,197,71,4,0,192,0,0
1790485257.743297,419369729,1,4,4,176,0,75,0,0,0,0,0
1790485257.761251,268698629,1,7,247,220,197,71,4,0,192,0,0
1790485257.781676,268698629,1,7,242,220,197,71,4,0,192,0,0
1790485257.791373,419369473,1,6,0,0,65,1,137,148,0,0,0
1790485257.804605,268698629,1,7,235,220,197,71,4,0,192,0,0
1790485257.823490,268698629,1,7,230,220,197,71,4,0,192,0,0
1790485257.844820,419369217,1,8,66,80,5,181,65,168,0,0,0
1790485257.844924,419369473,1,6,0,0,65,1,138,198,0,0,0
1790485257.844972,268698629,1,7,225,220,197,71,4,0,192,0,0
1790485257.864357,268698629,1,7,220,220,197,71,4,0,192,0,0
1790485257.881870,268698629,1,7,215,220,197,71,4,0,192,0,0
1790485257.891703,419369473,1,6,0,0,65,1,139,199,0,0,0
1790485257.904833,268698629,1,7,209,220,197,71,4,0,192,0,0
1790485257.921901,268698629,1,7,205,220,197,71,4,0,192,0,0
1790485257.944455,419369217,1,8,66,80,5,201,65,168,0,0,0
1790485257.944594,268698629,1,7,199,220,197,71,4,0,192,0,0
1790485257.944659,419369473,1,6,0,0,65,1,140,223,0,0,0
1790485257.944709,419369729,1,4,4,176,0,75,0,0,0,0,0
1790485257.963147,268698629,1,7,194,220,197,71,4,0,192,0,0
1790485257.984559,268698629,1,7,189,220,197,71,4,0,192,0,0
1790485257.993242,419369473,1,6,0,0,65,1,141,214,0,0,0
1790485258.002161,268698629,1,7,184,220,197,71,4,0,192,0,0
1790485258.023885,268698629,1,7,179,220,197,71,4,0,192,0,0
1790485258.044868,419369217,1,8,66,80,5,221,65,168,0,0,0
1790485258.045013,268698629,1,7,173,220,197,71,4,0,192,0,0
1790485258.045304,419369473,1,6,0,0,65,1,142,213,0,0,0
1790485258.061890,268698629,1,7,169,220,197,71,4,0,192,0,0
1790485258.082875,268698629,1,7,164,220,197,71,4,0,192,0,0
1790485258.091565,419369473,1,6,0,0,65,1,143,173,0,0,0
1790485258.104365,268698629,1,7,158,220,197,71,4,0,192,0,0
1790485258.123698,268698629,1,7,154,220,197,71,4,0,192,0,0
1790485258.142166,419369217,1,8,66,80,5,240,65,168,0,0,0
1790485258.142366,268698629,1,7,149,220,197,71,4,0,192,0,0
1790485258.142486,419369729,1,4,4,176,0,75,0,0,0,0,0
1790485258.142592,419369473,1,6,0,0,65,1,144,146,0,0,0
1790485258.164298,268698629,1,7,143,220,197,71,4,0,192,0,0
1790485258.180929,268698629,1,7,139,220,197,71,4,0,192,0,0
1790485258.190622,419369473,1,6,0,0,65,1,145,95,0,0,0
1790485258.205091,268698629,1,7,133,220,197,71,4,0,192,0,0
1790485258.224385,268698629,1,7,129,220,197,71,4,0,192,0,0
1790485258.244699,268698629,1,7,124,220,197,71,4,0,192,0,0
1790485258.244851,419369217,1,8,66,80,6,4,65,168,0,0,0
1790485258.244940,419369473,1,6,0,0,65,1,146,61,0,0,0
1790485258.261406,268698629,1,7,120,220,197,71,4,0,192,0,0
1790485258.281105,268698629,1,7,115,220,197,71,4,0,192,0,0
1790485258.291440,419369473,1,6,0,0,65,1,146,240,0,0,0
1790485258.303307,268698629,1,7,110,220,197,71,4,0,192,0,0
1790485258.324593,268698629,1,7,105,220,197,71,4,0,192,0,0
1790485258.344039,268698629,1,7,100,220,197,71,4,0,192,0,0
1790485258.344207,419369217,1,8,66,80,6,23,65,168,0,0,0
1790485258.344309,419369473,1,6,0,0,65,1,147,178,0,0,0
1790485258.345587,419369729,1,4,4,176,0,75,0,0,0,0,0
1790485258.363998,268698629,1,7,95,220,197,71,4,0,192,0,0
1790485258.382811,268698629,1,7,91,220,197,71,4,0,192,0,0
1790485258.394052,419369473,1,6,0,0,65,1,148,93,0,0,0
1790485258.404301,268698629,1,7,86,220,197,71,4,0,192,0,0
1790485258.424911,268698629,1,7,81,220,197,71,4,0,192,0,0
1790485258.442271,268698629,1,7,77,220,197,71,4,0,192,0,0
1790485258.442390,419369217,1,8,66,80,6,41,65,168,0,0,0
1790485258.442458,419369473,1,6,0,0,65,1,148,250,0,0,0
1790485258.462762,268698629,1,7,72,220,197,71,4,0,192,0,0
1790485258.484471,268698629,1,7,67,220,197,71,4,0,192,0,0
1790485258.494465,419369473,1,6,0,0,65,1,149,152,0,0,0
1790485258.504798,268698629,1,7,63,220,197,71,4,0,192,0,0
1790485258.523833,268698629,1,7,58,220,197,71,4,0,192,0,0
1790485258.543209,419369217,1,8,66,80,6,61,65,168,0,0,0
1790485258.543335,268698629,1,7,54,220,197,71,4,0,192,0,0
1790485258.543403,419369473,1,6,0,0,65,1,150,34,0,0,0
1790485258.543442,419369729,1,4,4,176,0,75,0,0,0,0,0
1790485258.561358,268698629,1,7,50,220,197,71,4,0,192,0,0
1790485258.582361,268698629,1,7,45,220,197,71,4,0,192,0,0
1790485258.595517,419369473,1,6,0,0,65,1,150,170,0,0,0
1790485258.601244,268698629,1,7,41,220,197,71,4,0,192,0,0
1790485258.624926,268698629,1,7,35,220,197,71,4,0,192,0,0
1790485258.644521,268698629,1,7,31,220,197,71,4,0,192,0,0
1790485258.644633,419369217,1,8,66,80,6,80,65,168,0,0,0
1790485258.644693,419369473,1,6,0,0,65,1,151,32,0,0,0
1790485258.662015,268698629,1,7,27,220,197,71,4,0,192,0,0
1790485258.684449,268698629,1,7,22,220,197,71,4,0,192,0,0
1790485258.694913,419369473,1,6,0,0,65,1,151,143,0,0,0
1790485258.701245,268698629,1,7,19,220,197,71,4,0,192,0,0
1790485258.725570,268698629,1,7,13,220,197,71,4,0,192,0,0
1790485258.742473,268698629,1,7,10,220,197,71,4,0,192,0,0
1790485258.742663,419369473,1,6,0,0,65,1,151,238,0,0,0
1790485258.742811,419369217,1,8,66,80,6,98,65,168,0,0,0
1790485258.742939,419369729,1,4,4,176,0,75,0,0,0,0,0
1790485258.761483,268698629,1,7,6,220,197,71,4,0,192,0,0
1790485258.780820,268698629,1,7,2,220,197,71,4,0,192,0,0
1790485258.793216,419369473,1,6,0,0,65,1,152,72,0,0,0
1790485258.803372,268698629,1,7,253,219,197,71,4,0,192,0,0
1790485258.822241,268698629,1,7,249,219,197,71,4,0,192,0,0
1790485258.842491,419369217,1,8,66,80,6,117,65,168,0,0,0
1790485258.842637,419369473,1,6,0,0,65,1,152,150,0,0,0
1790485258.842695,268698629,1,7,244,219,197,71,4,0,192,0,0
1790485258.864367,268698629,1,7,240,219,197,71,4,0,192,0,0
1790485258.884332,268698629,1,7,236,219,197,71,4,0,192,0,0
1790485258.895517,419369473,1,6,0,0,65,1,152,222,0,0,0
1790485258.902013,268698629,1,7,232,219,197,71,4,0,192,0,0
1790485258.922859,268698629,1,7,228,219,197,71,4,0,192,0,0
1790485258.942719,419369217,1,8,66,80,6,135,65,168,0,0,0
1790485258.942913,419369729,1,4,4,176,0,75,0,0,0,0,0
1790485258.943072,268698629,1,7,224,219,197,71,4,0,192,0,0
1790485258.943195,419369473,1,6,0,0,65,1,153,21,0,0,0
1790485258.961344,268698629,1,7,220,219,197,71,4,0,192,0,0
1790485258.983736,268698629,1,7,215,219,197,71,4,0,192,0,0
1790485258.994417,419369473,1,6,0,0,65,1,153,70,0,0,0
1790485259.001412,268698629,1,7,212,219,197,71,4,0,192,0,0
1790485259.024926,268698629,1,7,207,219,197,71,4,0,192,0,0
1790485259.044190,268698629,1,7,203,219,197,71,4,0,192,0,0
1790485259.044368,419369217,1,8,66,80,6,154,65,168,0,0,0
1790485259.044474,419369473,1,6,0,0,65,1,153,106,0,0,0
1790485259.064577,268698629,1,7,199,219,197,71,4,0,192,0,0
1790485259.083351,268698629,1,7,195,219,197,71,4,0,192,0,0
1790485259.095002,419369473,1,6,0,0,65,1,153,133,0,0,0
1790485259.104487,268698629,1,7,191,219,197,71,4,0,192,0,0
1790485259.124399,268698629,1,7,187,219,197,71,4,0,192,0,0
1790485259.143213,268698629,1,7,184,219,197,71,4,0,192,0,0
1790485259.143429,419369217,1,8,66,80,6,172,65,168,0,0,0
1790485259.145130,419369473,1,6,0,0,65,1,153,149,0,0,0
1790485259.145280,419369729,1,4,4,176,0,75,0,0,0,0,0
1790485259.163180,268698629,1,7,180,219,197,71,4,0,192,0,0
1790485259.182067,268698629,1,7,176,219,197,71,4,0,192,0,0
1790485259.193479,419369473,1,6,0,0,65,1,153,154,0,0,0
1790485259.202254,268698629,1,7,172,219,197,71,4,0,192,0,0
1790485259.222691,268698629,1,7,169,219,197,71,4,0,192,0,0
1790485259.243820,419369217,1,8,66,80,6,190,65,168,0,0,0
1790485259.244000,268698629,1,7,165,219,197,71,4,0,192,0,0
1790485259.245085,419369473,1,6,0,0,65,1,153,148,0,0,0
1790485259.263479,268698629,1,7,161,219,197,71,4,0,192,0,0
1790485259.282929,268698629,1,7,157,219,197,71,4,0,192,0,0
1790485259.295072,419369473,1,6,0,0,65,1,153,132,0,0,0
1790485259.301741,268698629,1,7,154,219,197,71,4,0,192,0,0
1790485259.323421,268698629,1,7,150,219,197,71,4,0,192,0,0
1790485259.344698,419369217,1,8,66,80,6,208,65,168,0,0,0
1790485259.344890,268698629,1,7,146,219,197,71,4,0,192,0,0
1790485259.345004,419369473,1,6,0,0,65,1,153,106,0,0,0
1790485259.345113,419369729,1,4,4,176,0,75,0,0,0,0,0
1790485259.364270,268698629,1,7,142,219,197,71,4,0,192,0,0
1790485259.382015,268698629,1,7,139,219,197,71,4,0,192,0,0
1790485259.394635,419369473,1,6,0,0,65,1,153,70,0,0,0
1790485259.403359,268698629,1,7,135,219,197,71,4,0,192,0,0
1790485259.424818,268698629,1,7,132,219,197,71,4,0,192,0,0
1790485259.444428,268698629,1,7,128,219,197,71,4,0,192,0,0
1790485259.444598,419369217,1,8,66,80,6,225,65,168,0,0,0
1790485259.444711,419369473,1,6,0,0,65,1,153,22,0,0,0
1790485259.461939,268698629,1,7,125,219,197,71,4,0,192,0,0
1790485259.484666,268698629,1,7,121,219,197,71,4,0,192,0,0
1790485259.493220,419369473,1,6,0,0,65,1,152,222,0,0,0
1790485259.502738,268698629,1,7,118,219,197,71,4,0,192,0,0
1790485259.522921,268698629,1,7,114,219,197,71,4,0,192,0,0
1790485259.543352,268698629,1,7,111,219,197,71,4,0,192,0,0
1790485259.543986,419369729,1,4,4,176,0,75,0,0,0,0,0
1790485259.544129,419369217,1,8,66,80,6,243,65,168,0,0,0
1790485259.544207,419369473,1,6,0,0,65,1,152,153,0,0,0
1790485259.562847,268698629,1,7,108,219,197,71,4,0,192,0,0
1790485259.584445,268698629,1,7,104,219,197,71,4,0,192,0,0
1790485259.595385,419369473,1,6,0,0,65,1,152,73,0,0,0
1790485259.601104,268698629,1,7,101,219,197,71,4,0,192,0,0
1790485259.624415,268698629,1,7,97,219,197,71,4,0,192,0,0
1790485259.644813,268698629,1,7,94,219,197,71,4,0,192,0,0
1790485259.645202,419369217,1,8,66,80,7,5,65,168,0,0,0
1790485259.645333,419369473,1,6,0,0,65,1,151,240,0,0,0
1790485259.662456,268698629,1,7,91,219,197,71,4,0,192,0,0
1790485259.681368,268698629,1,7,88,219,197,71,4,0,192,0,0
1790485259.693619,419369473,1,6,0,0,65,1,151,143,0,0,0
1790485259.702575,268698629,1,7,84,219,197,71,4,0,192,0,0
1790485259.724291,268698629,1,7,81,219,197,71,4,0,192,0,0
1790485259.741779,268698629,1,7,78,219,197,71,4,0,192,0,0
1790485259.741980,419369217,1,8,66,80,7,21,65,168,0,0,0
1790485259.744308,419369473,1,6,0,0,65,1,151,32,0,0,0
1790485259.744417,419369729,1,4,4,176,0,75,0,0,0,0,0
1790485259.763262,268698629,1,7,75,219,197,71,4,0,192,0,0
1790485259.785002,268698629,1,7,71,219,197,71,4,0,192,0,0
1790485259.791014,419369473,1,6,0,0,65,1,150,176,0,0,0
1790485259.801198,268698629,1,7,69,219,197,71,4,0,192,0,0
1790485259.822719,268698629,1,7,65,219,197,71,4,0,192,0,0
1790485259.840806,419369217,1,8,66,80,7,38,65,168,0,0,0
1790485259.840970,419369473,1,6,0,0,65,1,150,46,0,0,0
1790485259.841081,268698629,1,7,63,219,197,71,4,0,192,0,0
1790485259.865164,268698629,1,7,59,219,197,71,4,0,192,0,0
1790485259.882962,268698629,1,7,56,219,197,71,4,0,192,0,0
1790485259.891669,419369473,1,6,0,0,65,1,149,160,0,0,0
1790485259.901367,268698629,1,7,54,219,197,71,4,0,192,0,0
1790485259.923369,268698629,1,7,50,219,197,71,4,0,192,0,0
1790485259.942712,419369217,1,8,66,80,7,55,65,168,0,0,0
1790485259.942905,268698629,1,7,47,219,197,71,4,0,192,0,0
1790485259.945508,419369729,1,4,4,176,0,75,0,0,0,0,0
1790485259.945634,419369473,1,6,0,0,65,1,148,252,0,0,0
1790485259.964470,268698629,1,7,44,219,197,71,4,0,192,0,0
1790485259.984360,268698629,1,7,41,219,197,71,4,0,192,0,0
1790485259.994243,419369473,1,6,0,0,65,1,148,95,0,0,0
1790485260.001270,268698629,1,7,39,219,197,71,4,0,192,0,0
1790485260.022801,268698629,1,7,36,219,197,71,4,0,192,0,0
1790485260.044183,419369217,1,8,66,80,7,73,65,168,0,0,0
1790485260.044302,268698629,1,7,33,219,197,71,4,0,192,0,0
1790485260.044378,419369473,1,6,0,0,65,1,147,178,0,0,0
1790485260.061330,268698629,1,7,30,219,197,71,4,0,192,0,0
1790485260.083267,268698629,1,7,27,219,197,71,4,0,192,0,0
1790485260.094677,419369473,1,6,0,0,65,1,146,251,0,0,0
1790485260.105111,268698629,1,7,24,219,197,71,4,0,192,0,0
1790485260.123303,268698629,1,7,22,219,197,71,4,0,192,0,0
1790485260.143995,268698629,1,7,19,219,197,71,4,0,192,0,0
1790485260.144186,419369217,1,8,66,80,7,89,65,168,0,0,0
1790485260.145198,419369473,1,6,0,0,65,1,146,56,0,0,0
1790485260.145330,419369729,1,4,4,176,0,75,0,0,0,0,0
1790485260.164767,268698629,1,7,16,219,197,71,4,0,192,0,0
1790485260.181990,268698629,1,7,14,219,197,71,4,0,192,0,0
1790485260.194974,419369473,1,6,0,0,65,1,145,109,0,0,0
1790485260.201292,268698629,1,7,11,219,197,71,4,0,192,0,0
1790485260.224049,268698629,1,7,8,219,197,71,4,0,192,0,0
1790485260.243016,268698629,1,7,6,219,197,71,4,0,192,0,0
1790485260.243262,419369217,1,8,66,80,7,106,65,168,0,0,0
1790485260.245368,419369473,1,6,0,0,65,1,144,150,0,0,0
1790485260.261766,268698629,1,7,3,219,197,71,4,0,192,0,0
1790485260.283497,268698629,1,7,1,219,197,71,4,0,192,0,0
1790485260.294909,419369473,1,6,0,0,65,1,143,184,0,0,0
1790485260.302602,268698629,1,7,254,218,197,71,4,0,192,0,0
1790485260.324520,268698629,1,7,251,218,197,71,4,0,192,0,0
1790485260.343495,268698629,1,7,249,218,197,71,4,0,192,0,0
1790485260.344801,419369217,1,8,66,80,7,122,65,168,0,0,0
1790485260.344889,419369473,1,6,0,0,65,1,142,206,0,0,0
1790485260.344966,419369729,1,4,4,176,0,75,0,0,0,0,0
1790485260.360945,268698629,1,7,247,218,197,71,4,0,192,0,0
1790485260.381050,268698629,1,7,245,218,197,71,4,0,192,0,0
1790485260.394826,419369473,1,6,0,0,65,1,141,218,0,0,0
1790485260.404981,268698629,1,7,242,218,197,71,4,0,192,0,0
1790485260.424770,268698629,1,7,239,218,197,71,4,0,192,0,0
1790485260.443531,419369217,1,8,66,80,7,138,65,168,0,0,0
1790485260.443714,419369473,1,6,0,0,65,1,140,225,0,0,0
1790485260.443769,268698629,1,7,237,218,197,71,4,0,192,0,0
1790485260.463651,268698629,1,7,235,218,197,71,4,0,192,0,0
1790485260.484645,268698629,1,7,232,218,197,71,4,0,192,0,0
1790485260.493109,419369473,1,6,0,0,65,1,139,220,0,0,0
1790485260.503481,268698629,1,7,230,218,197,71,4,0,192,0,0
1790485260.521234,268698629,1,7,228,218,197,71,4,0,192,0,0
1790485260.544567,419369217,1,8,66,80,7,154,65,168,0,0,0
1790485260.544673,419369473,1,6,0,0,65,1,138,193,0,0,0
1790485260.544720,419369729,1,4,4,176,0,75,0,0,0,0,0
1790485260.544762,268698629,1,7,226,218,197,71,4,0,192,0,0
1790485260.564227,268698629,1,7,223,218,197,71,4,0,192,0,0
1790485260.584020,268698629,1,7,221,218,197,71,4,0,192,0,0
1790485260.595036,419369473,1,6,0,0,65,1,137,163,0,0,0
1790485260.604029,268698629,1,7,219,218,197,71,4,0,192,0,0
1790485260.624935,268698629,1,7,217,218,197,71,4,0,192,0,0
1790485260.644494,268698629,1,7,215,218,197,71,4,0,192,0,0
1790485260.644683,419369217,1,8,66,80,7,170,65,168,0,0,0
1790485260.644803,419369473,1,6,0,0,65,1,136,125,0,0,0
1790485260.664805,268698629,1,7,213,218,197,71,4,0,192,0,0
1790485260.682652,268698629,1,7,211,218,197,71,4,0,192,0,0
1790485260.692954,419369473,1,6,0,0,65,1,135,88,0,0,0
1790485260.701925,268698629,1,7,209,218,197,71,4,0,192,0,0
1790485260.722034,268698629,1,7,207,218,197,71,4,0,192,0,0
1790485260.742442,268698629,1,7,205,218,197,71,4,0,192,0,0
1790485260.742548,419369217,1,8,66,80,7,186,65,168,0,0,0
1790485260.742614,419369473,1,6,0,0,65,1,134,31,0,0,0
1790485260.742651,419369729,1,4,4,176,0,75,0,0,0,0,0
1790485260.762590,268698629,1,7,203,218,197,71,4,0,192,0,0
1790485260.783167,268698629,1,7,201,218,197,71,4,0,192,0,0
1790485260.794168,419369473,1,6,0,0,65,1,132,208,0,0,0
1790485260.804416,268698629,1,7,199,218,197,71,4,0,192,0,0
1790485260.823581,268698629,1,7,197,218,197,71,4,0,192,0,0
1790485260.843257,419369217,1,8,66,80,7,201,65,168,0,0,0
1790485260.843439,268698629,1,7,195,218,197,71,4,0,192,0,0
1790485260.843536,419369473,1,6,0,0,65,1,131,134,0,0,0
1790485260.861589,268698629,1,7,193,218,197,71,4,0,192,0,0
1790485260.882882,268698629,1,7,191,218,197,71,4,0,192,0,0
1790485260.894942,419369473,1,6,0,0,65,1,130,36,0,0,0
1790485260.902491,268698629,1,7,190,218,197,71,4,0,192,0,0
1790485260.921668,268698629,1,7,188,218,197,71,4,0,192,0,0
1790485260.944549,419369473,1,6,0,0,65,1,128,196,0,0,0
1790485260.944893,419369729,1,4,4,176,0,75,0,0,0,0,0
1790485260.944950,268698629,1,7,186,218,197,71,4,0,192,0,0
1790485260.944986,419369217,1,8,66,80,7,217,65,168,0,0,0
1790485260.962479,268698629,1,7,184,218,197,71,4,0,192,0,0
1790485260.984263,268698629,1,7,183,218,197,71,4,0,192,0,0
1790485260.994252,419369473,1,6,0,0,65,1,127,89,0,0,0
1790485261.003381,268698629,1,7,181,218,197,71,4,0,192,0,0
1790485261.021017,268698629,1,7,180,218,197,71,4,0,192,0,0
1790485261.043970,268698629,1,7,178,218,197,71,4,0,192,0,0
1790485261.044685,419369217,1,8,66,80,7,232,65,168,0,0,0
1790485261.045291,419369473,1,6,0,0,65,1,125,219,0,0,0
1790485261.062678,268698629,1,7,176,218,197,71,4,0,192,0,0
1790485261.084374,268698629,1,7,174,218,197,71,4,0,192,0,0
1790485261.091950,419369473,1,6,0,0,65,1,124,117,0,0,0
1790485261.102993,268698629,1,7,173,218,197,71,4,0,192,0,0
1790485261.124053,268698629,1,7,171,218,197,71,4,0,192,0,0
1790485261.143638,268698629,1,7,170,218,197,71,4,0,192,0,0
1790485261.143841,419369217,1,8,66,80,7,247,65,168,0,0,0
1790485261.143945,419369729,1,4,4,176,0,75,0,0,0,0,0
1790485261.144083,419369473,1,6,0,0,65,1,122,218,0,0,0
1790485261.164736,268698629,1,7,168,218,197,71,4,0,192,0,0
1790485261.181865,268698629,1,7,167,218,197,71,4,0,192,0,0
1790485261.194630,419369473,1,6,0,0,65,1,121,67,0,0,0
1790485261.202147,268698629,1,7,166,218,197,71,4,0,192,0,0
1790485261.223916,268698629,1,7,164,218,197,71,4,0,192,0,0
1790485261.240312,419369217,1,8,66,80,8,6,65,168,0,0,0
1790485261.241635,268698629,1,7,163,218,197,71,4,0,192,0,0
1790485261.245501,419369473,1,6,0,0,65,1,119,158,0,0,0
1790485261.262821,268698629,1,7,161,218,197,71,4,0,192,0,0
1790485261.281846,268698629,1,7,160,218,197,71,4,0,192,0,0
1790485261.292130,419369473,1,6,0,0,65,1,118,20,0,0,0
1790485261.301583,268698629,1,7,159,218,197,71,4,0,192,0,0
1790485261.322861,268698629,1,7,158,218,197,71,4,0,192,0,0
1790485261.344159,419369217,1,8,66,80,8,21,65,168,0,0,0
1790485261.344405,268698629,1,7,156,218,197,71,4,0,192,0,0
1790485261.345396,419369473,1,6,0,0,65,1,116,71,0,0,0
1790485261.345534,419369729,1,4,4,176,0,75,0,0,0,0,0
1790485261.364043,268698629,1,7,155,218,197,71,4,0,192,0,0
1790485261.381841,268698629,1,7,154,218,197,71,4,0,192,0,0
1790485261.393651,419369473,1,6,0,0,65,1,114,157,0,0,0
1790485261.401626,268698629,1,7,153,218,197,71,4,0,192,0,0
1790485261.421638,268698629,1,7,152,218,197,71,4,0,192,0,0
1790485261.443153,419369217,1,8,66,80,8,35,65,168,0,0,0
1790485261.445352,419369473,1,6,0,0,65,1,112,203,0,0,0
1790485261.445483,268698629,1,7,150,218,197,71,4,0,192,0,0
1790485261.464338,268698629,1,7,149,218,197,71,4,0,192,0,0
1790485261.483886,268698629,1,7,148,218,197,71,4,0,192,0,0
1790485261.494968,419369473,1,6,0,0,65,1,111,1,0,0,0
1790485261.503953,268698629,1,7,147,218,197,71,4,0,192,0,0
1790485261.524360,268698629,1,7,146,218,197,71,4,0,192,0,0
1790485261.542350,268698629,1,7,145,218,197,71,4,0,192,0,0
1790485261.542516,419369729,1,4,4,176,0,75,0,0,0,0,0
1790485261.542622,419369473,1,6,0,0,65,1,109,65,0,0,0
1790485261.542753,419369217,1,8,66,80,8,50,65,168,0,0,0
1790485261.563321,268698629,1,7,144,218,197,71,4,0,192,0,0
1790485261.583096,268698629,1,7,143,218,197,71,4,0,192,0,0
1790485261.594388,419369473,1,6,0,0,65,1,107,81,0,0,0
1790485261.601808,268698629,1,7,142,218,197,71,4,0,192,0,0
1790485261.624787,268698629,1,7,141,218,197,71,4,0,192,0,0
1790485261.644386,268698629,1,7,140,218,197,71,4,0,192,0,0
1790485261.644561,419369473,1,6,0,0,65,1,105,102,0,0,0
1790485261.644665,419369217,1,8,66,80,8,64,65,168,0,0,0
1790485261.664215,268698629,1,7,140,218,197,71,4,0,192,0,0
1790485261.682998,268698629,1,7,139,218,197,71,4,0,192,0,0
1790485261.694514,419369473,1,6,0,0,65,1,103,116,0,0,0
1790485261.704341,268698629,1,7,138,218,197,71,4,0,192,0,0
1790485261.720856,268698629,1,7,137,218,197,71,4,0,192,0,0
1790485261.740090,419369217,1,8,66,80,8,77,65,168,0,0,0
1790485261.745097,419369473,1,6,0,0,65,1,101,115,0,0,0
1790485261.745184,419369729,1,4,4,176,0,75,0,0,0,0,0
1790485261.745242,268698629,1,7,136,218,197,71,4,0,192,0,0
1790485261.762324,268698629,1,7,136,218,197,71,4,0,192,0,0
1790485261.781932,268698629,1,7,135,218,197,71,4,0,192,0,0
1790485261.792957,419369473,1,6,0,0,65,1,99,133,0,0,0
1790485261.805041,268698629,1,7,134,218,197,71,4,0,192,0,0
1790485261.822931,268698629,1,7,134,218,197,71,4,0,192,0,0
1790485261.843510,419369217,1,8,66,80,8,92,65,168,0,0,0
1790485261.843641,268698629,1,7,133,218,197,71,4,0,192,0,0
1790485261.843716,419369473,1,6,0,0,65,1,97,111,0,0,0
1790485261.864643,268698629,1,7,132,218,197,71,4,0,192,0,0
1790485261.882566,268698629,1,7,132,218,197,71,4,0,192,0,0
1790485261.891467,419369473,1,6,0,0,65,1,95,113,0,0,0
1790485261.902532,268698629,1,7,131,218,197,71,4,0,192,0,0
1790485261.925284,268698629,1,7,131,218,197,71,4,0,192,0,0
1790485261.944442,268698629,1,7,130,218,197,71,4,0,192,0,0
1790485261.944679,419369473,1,6,0,0,65,1,93,47,0,0,0
1790485261.944791,419369729,1,4,4,176,0,75,0,0,0,0,0
1790485261.944837,419369217,1,8,66,80,8,106,65,168,0,0,0
1790485261.961111,268698629,1,7,130,218,197,71,4,0,192,0,0
1790485261.985498,268698629,1,7,129,218,197,71,4,0,192,0,0
1790485261.992960,419369473,1,6,0,0,65,1,91,26,0,0,0
1790485262.003065,268698629,1,7,129,218,197,71,4,0,192,0,0
1790485262.024706,268698629,1,7,128,218,197,71,4,0,192,0,0
1790485262.041555,268698629,1,7,128,218,197,71,4,0,192,0,0
1790485262.041707,419369217,1,8,66,80,8,119,65,168,0,0,0
1790485262.041813,419369473,1,6,0,0,65,1,88,245,0,0,0
1790485262.063455,268698629,1,7,128,218,197,71,4,0,192,0,0
1790485262.084052,268698629,1,7,127,218,197,71,4,0,192,0,0
1790485262.091053,419369473,1,6,0,0,65,1,86,197,0,0,0
1790485262.103343,268698629,1,7,127,218,197,71,4,0,192,0,0
1790485262.124035,268698629,1,7,127,218,197,71,4,0,192,0,0
1790485262.141421,268698629,1,7,127,218,197,71,4,0,192,0,0
1790485262.141626,419369217,1,8,66,80,8,132,65,168,0,0,0
1790485262.144503,419369473,1,6,0,0,65,1,84,90,0,0,0
1790485262.144937,419369729,1,4,4,176,0,75,0,0,0,0,0
1790485262.161338,268698629,1,7,126,218,197,71,4,0,192,0,0
1790485262.183285,268698629,1,7,126,218,197,71,4,0,192,0,0
1790485262.194715,419369473,1,6,0,0,65,1,82,11,0,0,0
1790485262.204550,268698629,1,7,126,218,197,71,4,0,192,0,0
1790485262.221897,268698629,1,7,126,218,197,71,4,0,192,0,0
1790485262.242053,419369217,1,8,66,80,8,145,65,168,0,0,0
1790485262.245531,268698629,1,7,126,218,197,71,4,0,192,0,0
1790485262.245664,419369473,1,6,0,0,65,1,79,172,0,0,0
1790485262.264326,268698629,1,7,126,218,197,71,4,0,192,0,0
1790485262.284153,268698629,1,7,125,218,197,71,4,0,192,0,0
1790485262.293862,419369473,1,6,0,0,65,1,77,100,0,0,0
1790485262.304873,268698629,1,7,125,218,197,71,4,0,192,0,0
1790485262.323196,268698629,1,7,125,218,197,71,4,0,192,0,0
1790485262.343316,419369217,1,8,66,80,8,158,65,168,0,0,0
1790485262.343439,268698629,1,7,125,218,197,71,4,0,192,0,0
1790485262.343496,419369729,1,4,4,176,0,75,0,0,0,0,0
1790485262.343567,419369473,1,6,0,0,65,1,75,2,0,0,0
1790485262.362125,268698629,1,7,125,218,197,71,4,0,192,0,0
1790485262.385099,268698629,1,7,125,218,197,71,4,0,192,0,0
1790485262.395140,419369473,1,6,0,0,65,1,72,129,0,0,0
1790485262.401317,268698629,1,7,126,218,197,71,4,0,192,0,0
1790485262.423169,268698629,1,7,126,218,197,71,4,0,192,0,0
1790485262.443545,419369217,1,8,66,80,8,171,65,168,0,0,0
1790485262.443932,419369473,1,6,0,0,65,1,70,26,0,0,0
1790485262.444014,268698629,1,7,126,218,197,71,4,0,192,0,0
1790485262.464974,268698629,1,7,126,218,197,71,4,0,192,0,0
1790485262.484262,268698629,1,7,126,218,197,71,4,0,192,0,0
1790485262.491914,419369473,1,6,0,0,65,1,67,181,0,0,0
1790485262.504730,268698629,1,7,126,218,197,71,4,0,192,0,0
1790485262.521347,268698629,1,7,126,218,197,71,4,0,192,0,0
1790485262.544564,419369217,1,8,66,80,8,184,65,168,0,0,0
1790485262.544674,268698629,1,7,127,218,197,71,4,0,192,0,0
1790485262.544733,419369729,1,4,4,176,0,75,0,0,0,0,0
1790485262.544810,419369473,1,6,0,0,65,1,65,9,0,0,0
1790485262.561999,268698629,1,7,127,218,197,71,4,0,192,0,0
1790485262.582339,268698629,1,7,127,218,197,71,4,0,192,0,0
1790485262.593606,419369473,1,6,0,0,65,1,62,138,0,0,0
1790485262.605223,268698629,1,7,128,218,197,71,4,0,192,0,0
1790485262.623678,268698629,1,7,128,218,197,71,4,0,192,0,0
1790485262.644161,419369217,1,8,66,80,8,196,65,168,0,0,0
1790485262.644344,419369473,1,6,0,0,65,1,59,232,0,0,0
1790485262.644458,268698629,1,7,128,218,197,71,4,0,192,0,0
1790485262.664869,268698629,1,7,129,218,197,71,4,0,192,0,0
1790485262.681333,268698629,1,7,129,218,197,71,4,0,192,0,0
1790485262.694073,419369473,1,6,0,0,65,1,57,77,0,0,0
1790485262.701652,268698629,1,7,130,218,197,71,4,0,192,0,0
1790485262.723086,268698629,1,7,130,218,197,71,4,0,192,0,0
1790485262.744862,268698629,1,7,131,218,197,71,4,0,192,0,0
1790485262.744966,419369217,1,8,66,80,8,209,65,168,0,0,0
1790485262.745011,419369473,1,6,0,0,65,1,54,152,0,0,0
1790485262.745044,419369729,1,4,4,176,0,75,0,0,0,0,0
1790485262.764341,268698629,1,7,131,218,197,71,4,0,192,0,0
1790485262.782828,268698629,1,7,132,218,197,71,4,0,192,0,0
1790485262.794026,419369473,1,6,0,0,65,1,51,247,0,0,0
1790485262.804682,268698629,1,7,132,218,197,71,4,0,192,0,0
1790485262.822737,268698629,1,7,133,218,197,71,4,0,192,0,0
1790485262.841190,268698629,1,7,133,218,197,71,4,0,192,0,0
1790485262.841307,419369217,1,8,66,80,8,220,65,168,0,0,0
1790485262.841390,419369473,1,6,0,0,65,1,49,100,0,0,0
1790485262.865147,268698629,1,7,134,218,197,71,4,0,192,0,0
1790485262.882360,268698629,1,7,135,218,197,71,4,0,192,0,0
1790485262.890723,419369473,1,6,0,0,65,1,46,175,0,0,0
1790485262.901398,268698629,1,7,135,218,197,71,4,0,192,0,0
1790485262.923244,268698629,1,7,136,218,197,71,4,0,192,0,0
1790485262.942851,419369217,1,8,66,80,8,232,65,168,0,0,0
1790485262.943068,268698629,1,7,137,218,197,71,4,0,192,0,0
1790485262.944730,419369729,1,4,4,176,0,75,0,0,0,0,0
1790485262.944896,419369473,1,6,0,0,65,1,43,172,0,0,0
1790485262.964694,268698629,1,7,138,218,197,71,4,0,192,0,0
1790485262.984505,268698629,1,7,139,218,197,71,4,0,192,0,0
1790485262.994881,419369473,1,6,0,0,65,1,40,222,0,0,0
1790485263.003695,268698629,1,7,139,218,197,71,4,0,192,0,0
1790485263.023965,268698629,1,7,140,218,197,71,4,0,192,0,0
1790485263.044051,419369217,1,8,66,80,8,244,65,168,0,0,0
1790485263.044213,419369473,1,6,0,0,65,1,38,18,0,0,0
1790485263.044290,268698629,1,7,141,218,197,71,4,0,192,0,0
1790485263.063679,268698629,1,7,142,218,197,71,4,0,192,0,0
1790485263.084169,268698629,1,7,143,218,197,71,4,0,192,0,0
1790485263.094645,419369473,1,6,0,0,65,1,35,46,0,0,0
1790485263.104593,268698629,1,7,144,218,197,71,4,0,192,0,0
1790485263.124411,268698629,1,7,145,218,197,71,4,0,192,0,0
1790485263.144283,268698629,1,7,146,218,197,71,4,0,192,0,0
1790485263.144514,419369217,1,8,66,80,8,255,65,168,0,0,0
1790485263.145152,419369473,1,6,0,0,65,1,32,65,0,0,0
1790485263.145577,419369729,1,4,4,176,0,75,0,0,0,0,0
1790485263.163198,268698629,1,7,147,218,197,71,4,0,192,0,0
1790485263.180979,268698629,1,7,148,218,197,71,4,0,192,0,0
1790485263.195138,419369473,1,6,0,0,65,1,29,84,0,0,0
1790485263.204680,268698629,1,7,149,218,197,71,4,0,192,0,0
1790485263.224300,268698629,1,7,150,218,197,71,4,0,192,0,0
1790485263.244878,268698629,1,7,151,218,197,71,4,0,192,0,0
1790485263.245145,419369217,1,8,66,80,9,11,65,168,0,0,0
1790485263.245268,419369473,1,6,0,0,65,1,26,95,0,0,0
1790485263.263349,268698629,1,7,152,218,197,71,4,0,192,0,0
1790485263.281341,268698629,1,7,153,218,197,71,4,0,192,0,0
1790485263.295203,419369473,1,6,0,0,65,1,23,101,0,0,0
1790485263.301304,268698629,1,7,155,218,197,71,4,0,192,0,0
1790485263.322804,268698629,1,7,156,218,197,71,4,0,192,0,0
1790485263.343203,419369217,1,8,66,80,9,22,65,168,0,0,0
1790485263.345148,268698629,1,7,157,218,197,71,4,0,192,0,0
1790485263.345240,419369473,1,6,0,0,65,1,20,97,0,0,0
1790485263.345279,419369729,1,4,4,176,0,75,0,0,0,0,0
1790485263.361138,268698629,1,7,158,218,197,71,4,0,192,0,0
1790485263.382864,268698629,1,7,160,218,197,71,4,0,192,0,0
1790485263.395248,419369473,1,6,0,0,65,1,17,88,0,0,0
1790485263.401073,268698629,1,7,161,218,197,71,4,0,192,0,0
1790485263.424591,268698629,1,7,162,218,197,71,4,0,192,0,0
1790485263.443591,419369217,1,8,66,80,9,33,65,168,0,0,0
1790485263.444000,268698629,1,7,164,218,197,71,4,0,192,0,0
1790485263.445246,419369473,1,6,0,0,65,1,14,72,0,0,0
1790485263.464790,268698629,1,7,165,218,197,71,4,0,192,0,0
1790485263.484097,268698629,1,7,167,218,197,71,4,0,192,0,0
1790485263.495190,419369473,1,6,0,0,65,1,11,49,0,0,0
1790485263.501964,268698629,1,7,168,218,197,71,4,0,192,0,0
1790485263.521360,268698629,1,7,169,218,197,71,4,0,192,0,0
1790485263.543933,419369217,1,8,66,80,9,43,65,168,0,0,0
1790485263.545157,419369473,1,6,0,0,65,1,8,19,0,0,0
1790485263.545275,268698629,1,7,171,218,197,71,4,0,192,0,0
1790485263.545345,419369729,1,4,4,176,0,75,0,0,0,0,0
1790485263.564381,268698629,1,7,173,218,197,71,4,0,192,0,0
1790485263.582651,268698629,1,7,174,218,197,71,4,0,192,0,0
1790485263.595173,419369473,1,6,0,0,65,1,4,239,0,0,0
1790485263.605239,268698629,1,7,176,218,197,71,4,0,192,0,0
1790485263.620814,268698629,1,7,177,218,197,71,4,0,192,0,0
1790485263.644513,419369217,1,8,66,80,9,54,65,168,0,0,0
1790485263.645162,419369473,1,6,0,0,65,1,1,195,0,0,0
1790485263.645254,268698629,1,7,179,218,197,71,4,0,192,0,0
1790485263.661413,268698629,1,7,180,218,197,71,4,0,192,0,0
1790485263.681504,268698629,1,7,182,218,197,71,4,0,192,0,0
1790485263.695419,419369473,1,6,0,0,65,0,254,140,0,0,0
1790485263.705258,268698629,1,7,184,218,197,71,4,0,192,0,0
1790485263.722901,268698629,1,7,186,218,197,71,4,0,192,0,0
1790485263.744708,419369217,1,8,66,80,9,64,65,168,0,0,0
1790485263.745176,268698629,1,7,187,218,197,71,4,0,192,0,0
1790485263.745331,419369729,1,4,4,176,0,75,0,0,0,0,0
1790485263.745483,419369473,1,6,0,0,65,0,251,82,0,0,0
1790485263.762488,268698629,1,7,189,218,197,71,4,0,192,0,0
1790485263.782953,268698629,1,7,191,218,197,71,4,0,192,0,0
1790485263.795236,419369473,1,6,0,0,65,0,248,24,0,0,0
1790485263.801621,268698629,1,7,193,218,197,71,4,0,192,0,0
1790485263.825576,268698629,1,7,195,218,197,71,4,0,192,0,0
1790485263.840843,268698629,1,7,196,218,197,71,4,0,192,0,0
1790485263.840942,419369217,1,8,66,80,9,74,65,168,0,0,0
1790485263.845202,419369473,1,6,0,0,65,0,244,211,0,0,0
1790485263.862657,268698629,1,7,198,218,197,71,4,0,192,0,0
1790485263.884128,268698629,1,7,200,218,197,71,4,0,192,0,0
1790485263.895489,419369473,1,6,0,0,65,0,241,130,0,0,0
1790485263.900864,268698629,1,7,202,218,197,71,4,0,192,0,0
1790485263.922928,268698629,1,7,204,218,197,71,4,0,192,0,0
1790485263.943115,419369217,1,8,66,80,9,84,65,168,0,0,0
1790485263.945179,268698629,1,7,206,218,197,71,4,0,192,0,0
1790485263.945424,419369473,1,6,0,0,65,0,238,49,0,0,0
1790485263.945781,419369729,1,4,4,176,0,75,0,0,0,0,0
1790485263.964294,268698629,1,7,208,218,197,71,4,0,192,0,0
1790485263.984633,268698629,1,7,210,218,197,71,4,0,192,0,0
1790485263.995150,419369473,1,6,0,0,65,0,234,222,0,0,0
1790485264.004767,268698629,1,7,212,218,197,71,4,0,192,0,0
1790485264.023920,268698629,1,7,214,218,197,71,4,0,192,0,0
1790485264.042094,268698629,1,7,216,218,197,71,4,0,192,0,0
1790485264.042190,419369217,1,8,66,80,9,94,65,168,0,0,0
1790485264.045138,419369473,1,6,0,0,65,0,231,128,0,0,0
1790485264.061314,268698629,1,7,218,218,197,71,4,0,192,0,0
1790485264.083198,268698629,1,7,221,218,197,71,4,0,192,0,0
1790485264.095199,419369473,1,6,0,0,65,0,228,27,0,0,0
1790485264.101469,268698629,1,7,223,218,197,71,4,0,192,0,0
1790485264.124641,268698629,1,7,225,218,197,71,4,0,192,0,0
1790485264.141681,419369217,1,8,66,80,9,103,65,168,0,0,0
1790485264.141894,268698629,1,7,227,218,197,71,4,0,192,0,0
1790485264.145142,419369473,1,6,0,0,65,0,224,178,0,0,0
1790485264.145627,419369729,1,4,4,176,0,75,0,0,0,0,0
1790485264.163654,268698629,1,7,230,218,197,71,4,0,192,0,0
1790485264.180904,268698629,1,7,232,218,197,71,4,0,192,0,0
1790485264.195452,419369473,1,6,0,0,65,0,221,61,0,0,0
1790485264.202008,268698629,1,7,234,218,197,71,4,0,192,0,0
1790485264.222175,268698629,1,7,236,218,197,71,4,0,192,0,0
1790485264.240395,419369217,1,8,66,80,9,113,65,168,0,0,0
1790485264.245251,268698629,1,7,239,218,197,71,4,0,192,0,0
1790485264.245376,419369473,1,6,0,0,65,0,217,201,0,0,0
1790485264.261863,268698629,1,7,241,218,197,71,4,0,192,0,0
1790485264.280851,268698629,1,7,243,218,197,71,4,0,192,0,0
1790485264.295207,419369473,1,6,0,0,65,0,214,81,0,0,0
1790485264.303812,268698629,1,7,246,218,197,71,4,0,192,0,0
1790485264.322256,268698629,1,7,248,218,197,71,4,0,192,0,0
1790485264.343278,419369217,1,8,66,80,9,122,65,168,0,0,0
1790485264.345195,268698629,1,7,251,218,197,71,4,0,192,0,0
1790485264.345457,419369473,1,6,0,0,65,0,210,204,0,0,0
1790485264.345576,419369729,1,4,4,176,0,75,0,0,0,0,0
1790485264.360927,268698629,1,7,253,218,197,71,4,0,192,0,0
1790485264.385412,268698629,1,7,0,219,197,71,4,0,192,0,0
1790485264.395195,419369473,1,6,0,0,65,0,207,76,0,0,0
1790485264.403144,268698629,1,7,2,219,197,71,4,0,192,0,0
1790485264.422566,268698629,1,7,5,219,197,71,4,0,192,0,0
1790485264.441439,419369217,1,8,66,80,9,131,65,168,0,0,0
1790485264.445183,419369473,1,6,0,0,65,0,203,193,0,0,0
1790485264.445528,268698629,1,7,8,219,197,71,4,0,192,0,0
1790485264.464481,268698629,1,7,10,219,197,71,4,0,192,0,0
1790485264.483859,268698629,1,7,13,219,197,71,4,0,192,0,0
1790485264.495190,419369473,1,6,0,0,65,0,200,49,0,0,0
1790485264.504240,268698629,1,7,16,219,197,71,4,0,192,0,0
1790485264.521779,268698629,1,7,18,219,197,71,4,0,192,0,0
1790485264.544685,419369217,1,8,66,80,9,140,65,168,0,0,0
1790485264.545168,268698629,1,7,21,219,197,71,4,0,192,0,0
1790485264.545253,419369473,1,6,0,0,65,0,196,153,0,0,0
1790485264.545317,419369729,1,4,4,176,0,75,0,0,0,0,0
1790485264.562268,268698629,1,7,24,219,197,71,4,0,192,0,0
1790485264.585024,268698629,1,7,27,219,197,71,4,0,192,0,0
1790485264.595105,419369473,1,6,0,0,65,0,193,2,0,0,0
1790485264.601470,268698629,1,7,29,219,197,71,4,0,192,0,0
1790485264.625000,268698629,1,7,32,219,197,71,4,0,192,0,0
1790485264.642075,419369217,1,8,66,80,9,148,65,168,0,0,0
1790485264.644494,268698629,1,7,35,219,197,71,4,0,192,0,0
1790485264.645053,419369473,1,6,0,0,65,0,189,100,0,0,0
1790485264.661592,268698629,1,7,37,219,197,71,4,0,192,0,0
1790485264.682754,268698629,1,7,41,219,197,71,4,0,192,0,0
1790485264.695186,419369473,1,6,0,0,65,0,185,189,0,0,0
1790485264.703506,268698629,1,7,44,219,197,71,4,0,192,0,0
1790485264.720918,268698629,1,7,46,219,197,71,4,0,192,0,0
1790485264.740665,419369217,1,8,66,80,9,156,65,168,0,0,0
1790485264.745199,419369473,1,6,0,0,65,0,182,20,0,0,0
1790485264.745271,419369729,1,4,4,176,0,75,0,0,0,0,0
1790485264.745325,268698629,1,7,50,219,197,71,4,0,192,0,0
1790485264.760834,268698629,1,7,52,219,197,71,4,0,192,0,0
1790485264.784662,268698629,1,7,56,219,197,71,4,0,192,0,0
1790485264.794619,419369473,1,6,0,0,65,0,178,115,0,0,0
1790485264.801862,268698629,1,7,58,219,197,71,4,0,192,0,0
1790485264.823329,268698629,1,7,61,219,197,71,4,0,192,0,0
1790485264.843341,419369217,1,8,66,80,9,165,65,168,0,0,0
1790485264.843501,268698629,1,7,64,219,197,71,4,0,192,0,0
1790485264.845174,419369473,1,6,0,0,65,0,174,181,0,0,0
1790485264.864421,268698629,1,7,68,219,197,71,4,0,192,0,0
1790485264.884505,268698629,1,7,71,219,197,71,4,0,192,0,0
1790485264.895172,419369473,1,6,0,0,65,0,170,254,0,0,0
1790485264.901716,268698629,1,7,74,219,197,71,4,0,192,0,0
1790485264.924954,268698629,1,7,77,219,197,71,4,0,192,0,0
1790485264.942718,419369217,1,8,66,80,9,172,65,168,0,0,0
1790485264.942922,268698629,1,7,80,219,197,71,4,0,192,0,0
1790485264.945141,419369473,1,6,0,0,65,0,167,67,0,0,0
1790485264.945219,419369729,1,4,4,176,0,75,0,0,0,0,0
1790485264.960844,268698629,1,7,83,219,197,71,4,0,192,0,0
1790485264.985477,268698629,1,7,87,219,197,71,4,0,192,0,0
1790485264.995167,419369473,1,6,0,0,65,0,163,132,0,0,0
1790485265.002389,268698629,1,7,90,219,197,71,4,0,192,0,0
1790485265.024473,268698629,1,7,93,219,197,71,4,0,192,0,0
1790485265.041276,268698629,1,7,96,219,197,71,4,0,192,0,0
1790485265.041424,419369217,1,8,66,80,9,180,65,168,0,0,0
1790485265.045179,419369473,1,6,0,0,65,0,159,192,0,0,0
1790485265.064845,268698629,1,7,100,219,197,71,4,0,192,0,0
1790485265.084034,268698629,1,7,103,219,197,71,4,0,192,0,0
1790485265.095240,419369473,1,6,0,0,65,0,155,248,0,0,0
1790485265.102866,268698629,1,7,106,219,197,71,4,0,192,0,0
1790485265.124959,268698629,1,7,110,219,197,71,4,0,192,0,0
1790485265.141530,268698629,1,7,113,219,197,71,4,0,192,0,0
1790485265.141866,419369217,1,8,66,80,9,188,65,168,0,0,0
1790485265.145143,419369473,1,6,0,0,65,0,152,45,0,0,0
1790485265.145296,419369729,1,4,4,176,0,75,0,0,0,0,0
1790485265.160919,268698629,1,7,116,219,197,71,4,0,192,0,0
1790485265.184151,268698629,1,7,120,219,197,71,4,0,192,0,0
1790485265.195503,419369473,1,6,0,0,65,0,148,87,0,0,0
1790485265.201888,268698629,1,7,123,219,197,71,4,0,192,0,0
1790485265.224589,268698629,1,7,127,219,197,71,4,0,192,0,0
1790485265.244537,268698629,1,7,131,219,197,71,4,0,192,0,0
1790485265.244894,419369217,1,8,66,80,9,195,65,168,0,0,0
1790485265.245184,419369473,1,6,0,0,65,0,144,138,0,0,0
1790485265.264643,268698629,1,7,134,219,197,71,4,0,192,0,0
1790485265.281196,268698629,1,7,137,219,197,71,4,0,192,0,0
1790485265.295272,419369473,1,6,0,0,65,0,140,179,0,0,0
1790485265.304191,268698629,1,7,142,219,197,71,4,0,192,0,0
1790485265.323951,268698629,1,7,145,219,197,71,4,0,192,0,0
1790485265.340851,419369217,1,8,66,80,9,202,65,168,0,0,0
1790485265.341045,268698629,1,7,148,219,197,71,4,0,192,0,0
1790485265.345278,419369729,1,4,4,176,0,75,0,0,0,0,0
1790485265.345451,419369473,1,6,0,0,65,0,136,211,0,0,0
1790485265.362474,268698629,1,7,152,219,197,71,4,0,192,0,0
1790485265.383227,268698629,1,7,156,219,197,71,4,0,192,0,0
1790485265.395207,419369473,1,6,0,0,65,0,132,250,0,0,0
1790485265.402877,268698629,1,7,160,219,197,71,4,0,192,0,0
1790485265.420832,268698629,1,7,163,219,197,71,4,0,192,0,0
1790485265.443330,419369217,1,8,66,80,9,209,65,168,0,0,0
1790485265.445218,419369473,1,6,0,0,65,0,129,24,0,0,0
1790485265.445384,268698629,1,7,168,219,197,71,4,0,192,0,0
1790485265.461650,268698629,1,7,171,219,197,71,4,0,192,0,0
1790485265.484389,268698629,1,7,175,219,197,71,4,0,192,0,0
1790485265.495236,419369473,1,6,0,0,65,0,125,52,0,0,0
1790485265.503828,268698629,1,7,179,219,197,71,4,0,192,0,0
1790485265.523781,268698629,1,7,183,219,197,71,4,0,192,0,0
1790485265.541653,419369217,1,8,66,80,9,216,65,168,0,0,0
1790485265.541808,268698629,1,7,186,219,197,71,4,0,192,0,0
1790485265.545475,419369729,1,4,4,176,0,75,0,0,0,0,0
1790485265.545552,419369473,1,6,0,0,65,0,121,69,0,0,0
1790485265.565406,268698629,1,7,191,219,197,71,4,0,192,0,0
1790485265.584486,268698629,1,7,194,219,197,71,4,0,192,0,0
1790485265.595191,419369473,1,6,0,0,65,0,117,98,0,0,0
1790485265.604761,268698629,1,7,198,219,197,71,4,0,192,0,0
1790485265.623576,268698629,1,7,202,219,197,71,4,0,192,0,0
1790485265.644674,419369217,1,8,66,80,9,222,65,168,0,0,0
1790485265.644920,268698629,1,7,206,219,197,71,4,0,192,0,0
1790485265.645131,419369473,1,6,0,0,65,0,113,116,0,0,0
1790485265.661243,268698629,1,7,210,219,197,71,4,0,192,0,0
1790485265.685690,268698629,1,7,215,219,197,71,4,0,192,0,0
1790485265.695403,419369473,1,6,0,0,65,0,109,126,0,0,0
1790485265.703593,268698629,1,7,218,219,197,71,4,0,192,0,0
1790485265.723810,268698629,1,7,222,219,197,71,4,0,192,0,0
1790485265.740009,419369217,1,8,66,80,9,228,65,168,0,0,0
1790485265.742563,268698629,1,7,226,219,197,71,4,0,192,0,0
1790485265.745165,419369473,1,6,0,0,65,0,105,143,0,0,0
1790485265.745303,419369729,1,4,4,176,0,75,0,0,0,0,0
1790485265.763251,268698629,1,7,231,219,197,71,4,0,192,0,0
1790485265.781507,268698629,1,7,234,219,197,71,4,0,192,0,0
1790485265.795542,419369473,1,6,0,0,65,0,101,145,0,0,0
1790485265.803375,268698629,1,7,239,219,197,71,4,0,192,0,0
1790485265.822580,268698629,1,7,243,219,197,71,4,0,192,0,0
1790485265.842025,419369217,1,8,66,80,9,234,65,168,0,0,0
1790485265.845213,268698629,1,7,248,219,197,71,4,0,192,0,0
1790485265.845297,419369473,1,6,0,0,65,0,97,156,0,0,0
1790485265.863663,268698629,1,7,252,219,197,71,4,0,192,0,0
1790485265.883933,268698629,1,7,0,220,197,71,4,0,192,0,0
1790485265.895217,419369473,1,6,0,0,65,0,93,163,0,0,0
1790485265.905030,268698629,1,7,4,220,197,71,4,0,192,0,0
1790485265.923597,268698629,1,7,8,220,197,71,4,0,192,0,0
1790485265.943231,419369217,1,8,66,80,9,240,65,168,0,0,0
1790485265.943414,268698629,1,7,13,220,197,71,4,0,192,0,0
1790485265.945167,419369729,1,4,4,176,0,75,0,0,0,0,0
1790485265.945386,419369473,1,6,0,0,65,0,89,161,0,0,0
1790485265.963743,268698629,1,7,17,220,197,71,4,0,192,0,0
1790485265.985056,268698629,1,7,22,220,197,71,4,0,192,0,0
1790485265.995570,419369473,1,6,0,0,65,0,85,158,0,0,0
1790485266.002400,268698629,1,7,25,220,197,71,4,0,192,0,0
1790485266.022719,268698629,1,7,30,220,197,71,4,0,192,0,0
1790485266.041692,419369217,1,8,66,80,9,246,65,168,0,0,0
1790485266.045198,268698629,1,7,35,220,197,71,4,0,192,0,0
1790485266.045422,419369473,1,6,0,0,65,0,81,157,0,0,0
1790485266.062157,268698629,1,7,39,220,197,71,4,0,192,0,0
1790485266.084892,268698629,1,7,44,220,197,71,4,0,192,0,0
1790485266.095219,419369473,1,6,0,0,65,0,77,157,0,0,0
1790485266.104352,268698629,1,7,48,220,197,71,4,0,192,0,0
1790485266.123880,268698629,1,7,53,220,197,71,4,0,192,0,0
1790485266.144597,419369217,1,8,66,80,9,251,65,168,0,0,0
1790485266.144739,268698629,1,7,57,220,197,71,4,0,192,0,0
1790485266.145136,419369729,1,4,4,176,0,75,0,0,0,0,0
1790485266.145210,419369473,1,6,0,0,65,0,73,150,0,0,0
1790485266.161567,268698629,1,7,61,220,197,71,4,0,192,0,0
1790485266.182044,268698629,1,7,66,220,197,71,4,0,192,0,0
1790485266.195222,419369473,1,6,0,0,65,0,69,142,0,0,0
1790485266.204231,268698629,1,7,71,220,197,71,4,0,192,0,0
1790485266.224346,268698629,1,7,76,220,197,71,4,0,192,0,0
1790485266.242076,268698629,1,7,80,220,197,71,4,0,192,0,0
1790485266.242200,419369217,1,8,66,80,10,1,65,168,0,0,0
1790485266.245431,419369473,1,6,0,0,65,0,65,128,0,0,0
1790485266.261111,268698629,1,7,84,220,197,71,4,0,192,0,0
1790485266.283786,268698629,1,7,89,220,197,71,4,0,192,0,0
1790485266.295197,419369473,1,6,0,0,65,0,61,121,0,0,0
1790485266.303848,268698629,1,7,94,220,197,71,4,0,192,0,0
1790485266.323788,268698629,1,7,99,220,197,71,4,0,192,0,0
1790485266.343874,268698629,1,7,104,220,197,71,4,0,192,0,0
1790485266.344025,419369217,1,8,66,80,10,6,65,168,0,0,0
1790485266.345179,419369473,1,6,0,0,65,0,57,108,0,0,0
1790485266.345298,419369729,1,4,4,176,0,75,0,0,0,0,0
1790485266.361475,268698629,1,7,108,220,197,71,4,0,192,0,0
1790485266.384520,268698629,1,7,113,220,197,71,4,0,192,0,0
1790485266.395513,419369473,1,6,0,0,65,0,53,86,0,0,0
1790485266.402590,268698629,1,7,118,220,197,71,4,0,192,0,0
1790485266.421385,268698629,1,7,122,220,197,71,4,0,192,0,0
1790485266.444241,419369217,1,8,66,80,10,10,65,168,0,0,0
1790485266.445260,419369473,1,6,0,0,65,0,49,74,0,0,0
1790485266.445367,268698629,1,7,128,220,197,71,4,0,192,0,0
1790485266.461556,268698629,1,7,132,220,197,71,4,0,192,0,0
1790485266.484521,268698629,1,7,138,220,197,71,4,0,192,0,0
1790485266.495197,419369473,1,6,0,0,65,0,45,59,0,0,0
1790485266.502208,268698629,1,7,142,220,197,71,4,0,192,0,0
1790485266.523255,268698629,1,7,147,220,197,71,4,0,192,0,0
1790485266.543362,419369217,1,8,66,80,10,15,65,168,0,0,0
1790485266.545104,268698629,1,7,153,220,197,71,4,0,192,0,0
1790485266.545205,419369473,1,6,0,0,65,0,41,39,0,0,0
1790485266.545262,419369729,1,4,4,176,0,75,0,0,0,0,0
1790485266.563913,268698629,1,7,157,220,197,71,4,0,192,0,0
1790485266.583079,268698629,1,7,162,220,197,71,4,0,192,0,0
1790485266.595248,419369473,1,6,0,0,65,0,37,19,0,0,0
1790485266.604374,268698629,1,7,167,220,197,71,4,0,192,0,0
1790485266.622065,268698629,1,7,172,220,197,71,4,0,192,0,0
1790485266.644119,419369217,1,8,66,80,10,19,65,168,0,0,0
1790485266.645163,268698629,1,7,178,220,197,71,4,0,192,0,0
1790485266.645244,419369473,1,6,0,0,65,0,32,254,0,0,0
1790485266.662198,268698629,1,7,182,220,197,71,4,0,192,0,0
1790485266.681411,268698629,1,7,187,220,197,71,4,0,192,0,0
1790485266.695229,419369473,1,6,0,0,65,0,28,233,0,0,0
1790485266.704757,268698629,1,7,193,220,197,71,4,0,192,0,0
1790485266.724178,268698629,1,7,198,220,197,71,4,0,192,0,0
1790485266.743949,268698629,1,7,203,220,197,71,4,0,192,0,0
1790485266.744174,419369217,1,8,66,80,10,23,65,168,0,0,0
1790485266.745204,419369473,1,6,0,0,65,0,24,211,0,0,0
1790485266.745348,419369729,1,4,4,176,0,75,0,0,0,0,0
1790485266.762509,268698629,1,7,208,220,197,71,4,0,192,0,0
1790485266.783593,268698629,1,7,213,220,197,71,4,0,192,0,0
1790485266.795201,419369473,1,6,0,0,65,0,20,188,0,0,0
1790485266.803182,268698629,1,7,218,220,197,71,4,0,192,0,0
1790485266.823872,268698629,1,7,224,220,197,71,4,0,192,0,0
1790485266.840377,419369217,1,8,66,80,10,27,65,168,0,0,0
1790485266.841175,268698629,1,7,228,220,197,71,4,0,192,0,0
1790485266.845187,419369473,1,6,0,0,65,0,16,165,0,0,0
1790485266.864496,268698629,1,7,235,220,197,71,4,0,192,0,0
1790485266.882672,268698629,1,7,239,220,197,71,4,0,192,0,0
1790485266.895200,419369473,1,6,0,0,65,0,12,141,0,0,0
1790485266.904033,268698629,1,7,245,220,197,71,4,0,192,0,0
1790485266.924766,268698629,1,7,251,220,197,71,4,0,192,0,0
1790485266.943332,419369217,1,8,66,80,10,31,65,168,0,0,0
1790485266.943519,268698629,1,7,0,221,197,71,4,0,192,0,0
1790485266.945163,419369473,1,6,0,0,65,0,8,117,0,0,0
1790485266.945293,419369729,1,4,4,176,0,75,0,0,0,0,0
1790485266.965104,268698629,1,7,5,221,197,71,4,0,192,0,0
1790485266.983855,268698629,1,7,10,221,197,71,4,0,192,0,0
1790485266.995240,419369473,1,6,0,0,65,0,4,91,0,0,0
1790485267.004611,268698629,1,7,16,221,197,71,4,0,192,0,0
1790485267.021180,268698629,1,7,21,221,197,71,4,0,192,0,0
1790485267.044187,419369217,1,8,66,80,10,35,65,168,0,0,0
1790485267.045199,419369473,1,6,0,0,65,0,0,68,0,0,0
1790485267.045459,268698629,1,7,27,221,197,71,4,0,192,0,0
1790485267.063142,268698629,1,7,32,221,197,71,4,0,192,0,0
1790485267.084483,268698629,1,7,38,221,197,71,4,0,192,0,0
1790485267.095203,419369473,1,6,0,0,64,255,248,86,0,0,0
1790485267.103616,268698629,1,7,43,221,197,71,4,0,192,0,0
1790485267.124080,268698629,1,7,49,221,197,71,4,0,192,0,0
1790485267.143485,268698629,1,7,54,221,197,71,4,0,192,0,0
1790485267.143782,419369217,1,8,66,80,10,38,65,168,0,0,0
1790485267.145421,419369729,1,4,4,176,0,75,0,0,0,0,0
1790485267.145540,419369473,1,6,0,0,64,255,240,22,0,0,0
1790485267.161000,268698629,1,7,59,221,197,71,4,0,192,0,0
1790485267.181966,268698629,1,7,65,221,197,71,4,0,192,0,0
1790485267.195241,419369473,1,6,0,0,64,255,231,244,0,0,0
1790485267.203664,268698629,1,7,71,221,197,71,4,0,192,0,0
1790485267.223961,268698629,1,7,77,221,197,71,4,0,192,0,0
1790485267.241272,419369217,1,8,66,80,10,41,65,168,0,0,0
1790485267.241443,268698629,1,7,82,221,197,71,4,0,192,0,0
1790485267.245297,419369473,1,6,0,0,64,255,223,193,0,0,0
1790485267.265623,268698629,1,7,89,221,197,71,4,0,192,0,0
1790485267.281318,268698629,1,7,93,221,197,71,4,0,192,0,0
1790485267.295197,419369473,1,6,0,0,64,255,215,150,0,0,0
1790485267.303467,268698629,1,7,99,221,197,71,4,0,192,0,0
1790485267.323043,268698629,1,7,105,221,197,71,4,0,192,0,0
1790485267.344625,419369217,1,8,66,80,10,44,65,168,0,0,0
1790485267.345089,268698629,1,7,111,221,197,71,4,0,192,0,0
1790485267.345189,419369473,1,6,0,0,64,255,207,103,0,0,0
1790485267.345273,419369729,1,4,4,176,0,75,0,0,0,0,0
1790485267.362559,268698629,1,7,116,221,197,71,4,0,192,0,0
1790485267.384228,268698629,1,7,123,221,197,71,4,0,192,0,0
1790485267.391662,419369473,1,6,0,0,64,255,199,207,0,0,0
1790485267.404817,268698629,1,7,129,221,197,71,4,0,192,0,0
1790485267.421834,268698629,1,7,134,221,197,71,4,0,192,0,0
1790485267.444335,419369217,1,8,66,80,10,47,65,168,0,0,0
1790485267.445174,268698629,1,7,140,221,197,71,4,0,192,0,0
1790485267.445343,419369473,1,6,0,0,64,255,191,8,0,0,0
1790485267.461643,268698629,1,7,145,221,197,71,4,0,192,0,0
1790485267.483748,268698629,1,7,152,221,197,71,4,0,192,0,0
1790485267.495235,419369473,1,6,0,0,64,255,182,228,0,0,0
1790485267.504568,268698629,1,7,158,221,197,71,4,0,192,0,0
1790485267.521674,268698629,1,7,163,221,197,71,4,0,192,0,0
1790485267.544592,419369217,1,8,66,80,10,49,65,168,0,0,0
1790485267.545222,419369473,1,6,0,0,64,255,174,190,0,0,0
1790485267.545351,419369729,1,4,4,176,0,75,0,0,0,0,0
1790485267.545469,268698629,1,7,170,221,197,71,4,0,192,0,0
1790485267.561689,268698629,1,7,175,221,197,71,4,0,192,0,0
1790485267.582438,268698629,1,7,181,221,197,71,4,0,192,0,0
1790485267.595222,419369473,1,6,0,0,64,255,166,151,0,0,0
1790485267.604464,268698629,1,7,188,221,197,71,4,0,192,0,0
1790485267.621702,268698629,1,7,193,221,197,71,4,0,192,0,0
1790485267.641208,268698629,1,7,199,221,197,71,4,0,192,0,0
1790485267.644509,419369217,1,8,66,80,10,51,65,168,0,0,0
1790485267.645482,419369473,1,6,0,0,64,255,158,104,0,0,0
1790485267.665065,268698629,1,7,206,221,197,71,4,0,192,0,0
1790485267.681310,268698629,1,7,211,221,197,71,4,0,192,0,0
1790485267.695297,419369473,1,6,0,0,64,255,150,81,0,0,0
1790485267.701347,268698629,1,7,217,221,197,71,4,0,192,0,0
1790485267.725037,268698629,1,7,224,221,197,71,4,0,192,0,0
1790485267.741569,268698629,1,7,229,221,197,71,4,0,192,0,0
1790485267.741737,419369217,1,8,66,80,10,53,65,168,0,0,0
1790485267.745167,419369473,1,6,0,0,64,255,142,54,0,0,0
1790485267.745282,419369729,1,4,4,176,0,75,0,0,0,0,0
1790485267.761364,268698629,1,7,235,221,197,71,4,0,192,0,0
1790485267.782824,268698629,1,7,242,221,197,71,4,0,192,0,0
1790485267.795218,419369473,1,6,0,0,64,255,134,26,0,0,0
1790485267.805132,268698629,1,7,249,221,197,71,4,0,192,0,0
1790485267.823839,268698629,1,7,255,221,197,71,4,0,192,0,0
1790485267.843451,419369217,1,8,66,80,10,55,65,168,0,0,0
1790485267.843580,268698629,1,7,5,222,197,71,4,0,192,0,0
1790485267.845197,419369473,1,6,0,0,64,255,126,2,0,0,0
1790485267.864251,268698629,1,7,11,222,197,71,4,0,192,0,0
1790485267.881644,268698629,1,7,17,222,197,71,4,0,192,0,0
1790485267.895211,419369473,1,6,0,0,64,255,117,237,0,0,0
1790485267.904509,268698629,1,7,24,222,197,71,4,0,192,0,0
1790485267.923797,268698629,1,7,30,222,197,71,4,0,192,0,0
1790485267.944119,419369217,1,8,66,80,10,57,65,168,0,0,0
1790485267.944463,268698629,1,7,36,222,197,71,4,0,192,0,0
1790485267.945183,419369473,1,6,0,0,64,255,109,220,0,0,0
1790485267.945402,419369729,1,4,4,176,0,75,0,0,0,0,0
1790485267.963340,268698629,1,7,42,222,197,71,4,0,192,0,0
1790485267.984664,268698629,1,7,49,222,197,71,4,0,192,0,0
1790485267.995268,419369473,1,6,0,0,64,255,101,206,0,0,0
1790485268.003135,268698629,1,7,55,222,197,71,4,0,192,0,0
1790485268.023228,268698629,1,7,61,222,197,71,4,0,192,0,0
1790485268.041916,419369217,1,8,66,80,10,58,65,168,0,0,0
1790485268.042016,268698629,1,7,67,222,197,71,4,0,192,0,0
1790485268.045206,419369473,1,6,0,0,64,255,93,197,0,0,0
1790485268.064801,268698629,1,7,75,222,197,71,4,0,192,0,0
1790485268.082620,268698629,1,7,80,222,197,71,4,0,192,0,0
1790485268.095231,419369473,1,6,0,0,64,255,85,191,0,0,0
1790485268.100905,268698629,1,7,86,222,197,71,4,0,192,0,0
1790485268.125689,268698629,1,7,94,222,197,71,4,0,192,0,0
1790485268.143172,268698629,1,7,100,222,197,71,4,0,192,0,0
1790485268.143405,419369217,1,8,66,80,10,59,65,168,0,0,0
1790485268.145175,419369473,1,6,0,0,64,255,77,190,0,0,0
1790485268.145317,419369729,1,4,4,176,0,75,0,0,0,0,0
1790485268.163752,268698629,1,7,107,222,197,71,4,0,192,0,0
1790485268.181432,268698629,1,7,112,222,197,71,4,0,192,0,0
1790485268.195343,419369473,1,6,0,0,64,255,69,193,0,0,0
1790485268.205498,268698629,1,7,120,222,197,71,4,0,192,0,0
1790485268.222826,268698629,1,7,126,222,197,71,4,0,192,0,0
1790485268.244858,419369217,1,8,66,80,10,60,65,168,0,0,0
1790485268.245235,268698629,1,7,133,222,197,71,4,0,192,0,0
1790485268.245513,419369473,1,6,0,0,64,255,61,188,0,0,0
1790485268.262481,268698629,1,7,139,222,197,71,4,0,192,0,0
1790485268.283123,268698629,1,7,146,222,197,71,4,0,192,0,0
1790485268.295535,419369473,1,6,0,0,64,255,53,202,0,0,0
1790485268.300846,268698629,1,7,152,222,197,71,4,0,192,0,0
1790485268.321178,268698629,1,7,158,222,197,71,4,0,192,0,0
1790485268.342939,419369217,1,8,66,80,10,61,65,168,0,0,0
1790485268.343211,419369473,1,6,0,0,64,255,46,57,0,0,0
1790485268.343353,268698629,1,7,166,222,197,71,4,0,192,0,0
1790485268.343429,419369729,1,4,4,176,0,75,0,0,0,0,0
1790485268.361587,268698629,1,7,172,222,197,71,4,0,192,0,0
1790485268.382224,268698629,1,7,179,222,197,71,4,0,192,0,0
1790485268.395224,419369473,1,6,0,0,64,255,38,0,0,0,0
1790485268.400924,268698629,1,7,185,222,197,71,4,0,192,0,0
1790485268.421659,268698629,1,7,192,222,197,71,4,0,192,0,0
1790485268.444083,419369217,1,8,66,80,10,61,65,168,0,0,0
1790485268.445207,268698629,1,7,200,222,197,71,4,0,192,0,0
1790485268.445478,419369473,1,6,0,0,64,255,30,18,0,0,0
1790485268.461847,268698629,1,7,205,222,197,71,4,0,192,0,0
1790485268.484455,268698629,1,7,213,222,197,71,4,0,192,0,0
1790485268.495220,419369473,1,6,0,0,64,255,22,64,0,0,0
1790485268.503140,268698629,1,7,219,222,197,71,4,0,192,0,0
1790485268.523392,268698629,1,7,226,222,197,71,4,0,192,0,0
1790485268.543844,419369217,1,8,66,80,10,61,65,168,0,0,0
1790485268.543993,268698629,1,7,233,222,197,71,4,0,192,0,0
1790485268.545302,419369473,1,6,0,0,64,255,14,102,0,0,0
1790485268.545778,419369729,1,4,4,176,0,75,0,0,0,0,0
1790485268.563880,268698629,1,7,240,222,197,71,4,0,192,0,0
1790485268.582397,268698629,1,7,246,222,197,71,4,0,192,0,0
1790485268.595220,419369473,1,6,0,0,64,255,6,153,0,0,0
1790485268.603106,268698629,1,7,253,222,197,71,4,0,192,0,0
1790485268.624458,268698629,1,7,5,223,197,71,4,0,192,0,0
1790485268.644095,268698629,1,7,11,223,197,71,4,0,192,0,0
1790485268.644276,419369217,1,8,66,80,10,61,65,168,0,0,0
1790485268.645327,419369473,1,6,0,0,64,254,254,201,0,0,0
1790485268.664432,268698629,1,7,18,223,197,71,4,0,192,0,0
1790485268.681640,268698629,1,7,24,223,197,71,4,0,192,0,0
1790485268.695234,419369473,1,6,0,0,64,254,247,10,0,0,0
1790485268.701451,268698629,1,7,31,223,197,71,4,0,192,0,0
1790485268.723364,268698629,1,7,39,223,197,71,4,0,192,0,0
1790485268.743726,419369217,1,8,66,80,10,61,65,168,0,0,0
1790485268.743914,268698629,1,7,46,223,197,71,4,0,192,0,0
1790485268.745267,419369729,1,4,4,176,0,75,0,0,0,0,0
1790485268.745488,419369473,1,6,0,0,64,254,239,66,0,0,0
1790485268.762610,268698629,1,7,52,223,197,71,4,0,192,0,0
1790485268.783574,268698629,1,7,60,223,197,71,4,0,192,0,0
1790485268.795264,419369473,1,6,0,0,64,254,231,150,0,0,0
1790485268.804438,268698629,1,7,67,223,197,71,4,0,192,0,0
1790485268.824081,268698629,1,7,74,223,197,71,4,0,192,0,0
1790485268.841625,268698629,1,7,80,223,197,71,4,0,192,0,0
1790485268.841745,419369217,1,8,66,80,10,61,65,168,0,0,0
1790485268.845221,419369473,1,6,0,0,64,254,223,233,0,0,0
1790485268.862282,268698629,1,7,87,223,197,71,4,0,192,0,0
1790485268.882463,268698629,1,7,95,223,197,71,4,0,192,0,0
1790485268.895234,419369473,1,6,0,0,64,254,216,65,0,0,0
1790485268.901613,268698629,1,7,101,223,197,71,4,0,192,0,0
1790485268.925191,268698629,1,7,110,223,197,71,4,0,192,0,0
1790485268.944058,268698629,1,7,116,223,197,71,4,0,192,0,0
1790485268.944249,419369217,1,8,66,80,10,60,65,168,0,0,0
1790485268.945336,419369473,1,6,0,0,64,254,208,156,0,0,0
1790485268.945516,419369729,1,4,4,176,0,75,0,0,0,0,0
1790485268.962996,268698629,1,7,123,223,197,71,4,0,192,0,0
1790485268.983683,268698629,1,7,131,223,197,71,4,0,192,0,0
1790485268.995224,419369473,1,6,0,0,64,254,201,8,0,0,0
1790485269.003669,268698629,1,7,138,223,197,71,4,0,192,0,0
1790485269.020821,268698629,1,7,144,223,197,71,4,0,192,0,0
1790485269.043584,419369217,1,8,66,80,10,59,65,168,0,0,0
1790485269.045203,419369473,1,6,0,0,64,254,193,121,0,0,0
1790485269.045291,268698629,1,7,153,223,197,71,4,0,192,0,0
1790485269.063823,268698629,1,7,159,223,197,71,4,0,192,0,0
1790485269.083183,268698629,1,7,166,223,197,71,4,0,192,0,0
1790485269.095218,419369473,1,6,0,0,64,254,185,241,0,0,0
1790485269.100880,268698629,1,7,173,223,197,71,4,0,192,0,0
1790485269.121910,268698629,1,7,180,223,197,71,4,0,192,0,0
1790485269.144475,419369217,1,8,66,80,10,58,65,168,0,0,0
1790485269.145183,268698629,1,7,189,223,197,71,4,0,192,0,0
1790485269.145259,419369473,1,6,0,0,64,254,178,111,0,0,0
1790485269.145300,419369729,1,4,4,176,0,75,0,0,0,0,0
1790485269.160988,268698629,1,7,194,223,197,71,4,0,192,0,0
1790485269.184500,268698629,1,7,203,223,197,71,4,0,192,0,0
1790485269.195227,419369473,1,6,0,0,64,254,170,250,0,0,0
1790485269.203698,268698629,1,7,210,223,197,71,4,0,192,0,0
1790485269.224528,268698629,1,7,218,223,197,71,4,0,192,0,0
1790485269.242609,419369217,1,8,66,80,10,57,65,168,0,0,0
1790485269.242759,268698629,1,7,224,223,197,71,4,0,192,0,0
1790485269.245196,419369473,1,6,0,0,64,254,163,140,0,0,0
1790485269.261550,268698629,1,7,231,223,197,71,4,0,192,0,0
1790485269.285471,268698629,1,7,240,223,197,71,4,0,192,0,0
1790485269.295214,419369473,1,6,0,0,64,254,156,39,0,0,0
1790485269.300833,268698629,1,7,246,223,197,71,4,0,192,0,0
1790485269.325572,268698629,1,7,255,223,197,71,4,0,192,0,0
1790485269.343440,268698629,1,7,5,224,197,71,4,0,192,0,0
1790485269.344627,419369217,1,8,66,80,10,56,65,168,0,0,0
1790485269.345214,419369729,1,4,4,176,0,75,0,0,0,0,0
1790485269.345309,419369473,1,6,0,0,64,254,148,198,0,0,0
1790485269.363599,268698629,1,7,13,224,197,71,4,0,192,0,0
1790485269.384473,268698629,1,7,21,224,197,71,4,0,192,0,0
1790485269.395459,419369473,1,6,0,0,64,254,141,110,0,0,0
1790485269.402127,268698629,1,7,27,224,197,71,4,0,192,0,0
1790485269.422132,268698629,1,7,35,224,197,71,4,0,192,0,0
1790485269.443574,419369217,1,8,66,80,10,54,65,168,0,0,0
1790485269.445199,268698629,1,7,43,224,197,71,4,0,192,0,0
1790485269.445314,419369473,1,6,0,0,64,254,134,41,0,0,0
1790485269.463297,268698629,1,7,50,224,197,71,4,0,192,0,0
1790485269.483844,268698629,1,7,58,224,197,71,4,0,192,0,0
1790485269.495206,419369473,1,6,0,0,64,254,126,238,0,0,0
1790485269.503682,268698629,1,7,65,224,197,71,4,0,192,0,0
1790485269.525028,268698629,1,7,73,224,197,71,4,0,192,0,0
1790485269.544452,268698629,1,7,80,224,197,71,4,0,192,0,0
1790485269.544747,419369217,1,8,66,80,10,52,65,168,0,0,0
1790485269.545208,419369473,1,6,0,0,64,254,119,184,0,0,0
1790485269.545324,419369729,1,4,4,176,0,75,0,0,0,0,0
1790485269.564515,268698629,1,7,88,224,197,71,4,0,192,0,0
1790485269.582495,268698629,1,7,95,224,197,71,4,0,192,0,0
1790485269.595218,419369473,1,6,0,0,64,254,112,139,0,0,0
1790485269.601602,268698629,1,7,102,224,197,71,4,0,192,0,0
1790485269.624815,268698629,1,7,111,224,197,71,4,0,192,0,0
1790485269.644142,268698629,1,7,118,224,197,71,4,0,192,0,0
1790485269.644347,419369217,1,8,66,80,10,50,65,168,0,0,0
1790485269.645246,419369473,1,6,0,0,64,254,105,104,0,0,0
1790485269.664796,268698629,1,7,126,224,197,71,4,0,192,0,0
1790485269.682464,268698629,1,7,133,224,197,71,4,0,192,0,0
1790485269.695248,419369473,1,6,0,0,64,254,98,81,0,0,0
1790485269.703529,268698629,1,7,141,224,197,71,4,0,192,0,0
1790485269.724645,268698629,1,7,149,224,197,71,4,0,192,0,0
1790485269.742836,419369217,1,8,66,80,10,48,65,168,0,0,0
1790485269.743016,268698629,1,7,156,224,197,71,4,0,192,0,0
1790485269.745490,419369473,1,6,0,0,64,254,91,59,0,0,0
1790485269.745808,419369729,1,4,4,176,0,75,0,0,0,0,0
1790485269.763548,268698629,1,7,164,224,197,71,4,0,192,0,0
1790485269.782081,268698629,1,7,171,224,197,71,4,0,192,0,0
1790485269.795219,419369473,1,6,0,0,64,254,84,68,0,0,0
1790485269.802530,268698629,1,7,179,224,197,71,4,0,192,0,0
1790485269.821115,268698629,1,7,186,224,197,71,4,0,192,0,0
1790485269.844783,419369217,1,8,66,80,10,45,65,168,0,0,0
1790485269.845194,419369473,1,6,0,0,64,254,77,77,0,0,0
1790485269.845313,268698629,1,7,195,224,197,71,4,0,192,0,0
1790485269.863916,268698629,1,7,202,224,197,71,4,0,192,0,0
1790485269.884072,268698629,1,7,210,224,197,71,4,0,192,0,0
1790485269.895245,419369473,1,6,0,0,64,254,70,96,0,0,0
1790485269.904940,268698629,1,7,218,224,197,71,4,0,192,0,0
1790485269.921386,268698629,1,7,225,224,197,71,4,0,192,0,0
1790485269.943471,419369217,1,8,66,80,10,42,65,168,0,0,0
1790485269.945232,419369473,1,6,0,0,64,254,63,127,0,0,0
1790485269.945578,268698629,1,7,234,224,197,71,4,0,192,0,0
1790485269.945673,419369729,1,4,4,176,0,75,0,0,0,0,0
1790485269.962343,268698629,1,7,240,224,197,71,4,0,192,0,0
1790485269.984666,268698629,1,7,249,224,197,71,4,0,192,0,0
1790485269.995191,419369473,1,6,0,0,64,254,56,171,0,0,0
1790485270.001282,268698629,1,7,0,225,197,71,4,0,192,0,0
1790485270.022406,268698629,1,7,8,225,197,71,4,0,192,0,0
1790485270.044466,268698629,1,7,16,225,197,71,4,0,192,0,0
1790485270.044566,419369217,1,8,66,80,10,39,65,168,0,0,0
1790485270.044610,419369473,1,6,0,0,64,254,49,245,0,0,0
1790485270.062982,268698629,1,7,24,225,197,71,4,0,192,0,0
1790485270.084029,268698629,1,7,32,225,197,71,4,0,192,0,0
1790485270.095268,419369473,1,6,0,0,64,254,43,34,0,0,0
1790485270.101442,268698629,1,7,39,225,197,71,4,0,192,0,0
1790485270.124032,268698629,1,7,48,225,197,71,4,0,192,0,0
1790485270.144586,419369217,1,8,66,80,10,36,65,168,0,0,0
1790485270.144767,268698629,1,7,56,225,197,71,4,0,192,0,0
1790485270.145237,419369473,1,6,0,0,64,254,36,113,0,0,0
1790485270.145379,419369729,1,4,4,176,0,75,0,0,0,0,0
1790485270.161109,268698629,1,7,62,225,197,71,4,0,192,0,0
1790485270.183440,268698629,1,7,71,225,197,71,4,0,192,0,0
1790485270.195200,419369473,1,6,0,0,64,254,29,204,0,0,0
1790485270.204842,268698629,1,7,80,225,197,71,4,0,192,0,0
1790485270.224549,268698629,1,7,87,225,197,71,4,0,192,0,0
1790485270.243606,268698629,1,7,95,225,197,71,4,0,192,0,0
1790485270.243769,419369217,1,8,66,80,10,33,65,168,0,0,0
1790485270.245252,419369473,1,6,0,0,64,254,23,50,0,0,0
1790485270.262423,268698629,1,7,103,225,197,71,4,0,192,0,0
1790485270.281842,268698629,1,7,110,225,197,71,4,0,192,0,0
1790485270.295254,419369473,1,6,0,0,64,254,16,165,0,0,0
1790485270.303080,268698629,1,7,119,225,197,71,4,0,192,0,0
1790485270.322416,268698629,1,7,126,225,197,71,4,0,192,0,0
1790485270.342678,419369217,1,8,66,80,10,29,65,168,0,0,0
1790485270.345207,419369729,1,4,4,176,0,75,0,0,0,0,0
1790485270.345319,419369473,1,6,0,0,64,254,10,34,0,0,0
1790485270.345386,268698629,1,7,136,225,197,71,4,0,192,0,0
1790485270.362803,268698629,1,7,143,225,197,71,4,0,192,0,0
1790485270.381825,268698629,1,7,150,225,197,71,4,0,192,0,0
1790485270.395246,419369473,1,6,0,0,64,254,3,179,0,0,0
1790485270.403517,268698629,1,7,159,225,197,71,4,0,192,0,0
1790485270.424227,268698629,1,7,167,225,197,71,4,0,192,0,0
1790485270.444669,268698629,1,7,175,225,197,71,4,0,192,0,0
1790485270.444846,419369217,1,8,66,80,10,25,65,168,0,0,0
1790485270.445342,419369473,1,6,0,0,64,253,253,73,0,0,0
1790485270.460931,268698629,1,7,182,225,197,71,4,0,192,0,0
1790485270.484657,268698629,1,7,192,225,197,71,4,0,192,0,0
1790485270.495222,419369473,1,6,0,0,64,253,246,244,0,0,0
1790485270.503651,268698629,1,7,199,225,197,71,4,0,192,0,0
1790485270.521219,268698629,1,7,206,225,197,71,4,0,192,0,0
1790485270.544475,419369217,1,8,66,80,10,21,65,168,0,0,0
1790485270.545237,419369473,1,6,0,0,64,253,240,168,0,0,0
1790485270.545318,268698629,1,7,216,225,197,71,4,0,192,0,0
1790485270.545396,419369729,1,4,4,176,0,75,0,0,0,0,0
1790485270.563361,268698629,1,7,223,225,197,71,4,0,192,0,0
1790485270.584732,268698629,1,7,232,225,197,71,4,0,192,0,0
1790485270.595222,419369473,1,6,0,0,64,253,234,107,0,0,0
1790485270.603867,268698629,1,7,240,225,197,71,4,0,192,0,0
1790485270.621891,268698629,1,7,247,225,197,71,4,0,192,0,0
1790485270.643842,419369217,1,8,66,80,10,17,65,168,0,0,0
1790485270.645214,268698629,1,7,1,226,197,71,4,0,192,0,0
1790485270.645604,419369473,1,6,0,0,64,253,228,45,0,0,0
1790485270.663614,268698629,1,7,8,226,197,71,4,0,192,0,0
1790485270.681493,268698629,1,7,15,226,197,71,4,0,192,0,0
1790485270.695407,419369473,1,6,0,0,64,253,222,18,0,0,0
1790485270.703144,268698629,1,7,24,226,197,71,4,0,192,0,0
1790485270.724666,268698629,1,7,33,226,197,71,4,0,192,0,0
1790485270.743834,268698629,1,7,41,226,197,71,4,0,192,0,0
1790485270.743997,419369217,1,8,66,80,10,13,65,168,0,0,0
1790485270.745204,419369473,1,6,0,0,64,253,216,3,0,0,0
1790485270.745317,419369729,1,4,4,176,0,75,0,0,0,0,0
1790485270.761988,268698629,1,7,48,226,197,71,4,0,192,0,0
1790485270.781358,268698629,1,7,56,226,197,71,4,0,192,0,0
1790485270.795223,419369473,1,6,0,0,64,253,209,252,0,0,0
1790485270.801150,268698629,1,7,64,226,197,71,4,0,192,0,0
1790485270.822900,268698629,1,7,73,226,197,71,4,0,192,0,0
1790485270.842059,419369217,1,8,66,80,10,8,65,168,0,0,0
1790485270.845155,268698629,1,7,83,226,197,71,4,0,192,0,0
1790485270.845281,419369473,1,6,0,0,64,253,204,2,0,0,0
1790485270.863774,268698629,1,7,90,226,197,71,4,0,192,0,0
1790485270.882867,268698629,1,7,98,226,197,71,4,0,192,0,0
1790485270.895233,419369473,1,6,0,0,64,253,198,26,0,0,0
1790485270.904967,268698629,1,7,107,226,197,71,4,0,192,0,0
1790485270.923550,268698629,1,7,115,226,197,71,4,0,192,0,0
1790485270.942382,419369217,1,8,66,80,10,3,65,168,0,0,0
1790485270.942573,268698629,1,7,123,226,197,71,4,0,192,0,0
1790485270.945256,419369473,1,6,0,0,64,253,192,62,0,0,0
1790485270.945406,419369729,1,4,4,176,0,75,0,0,0,0,0
1790485270.963711,268698629,1,7,131,226,197,71,4,0,192,0,0
1790485270.984695,268698629,1,7,140,226,197,71,4,0,192,0,0
1790485270.995251,419369473,1,6,0,0,64,253,186,114,0,0,0
1790485271.004004,268698629,1,7,148,226,197,71,4,0,192,0,0
1790485271.024102,268698629,1,7,157,226,197,71,4,0,192,0,0
1790485271.044243,268698629,1,7,165,226,197,71,4,0,192,0,0
1790485271.044394,419369217,1,8,66,80,9,254,65,168,0,0,0
1790485271.045206,419369473,1,6,0,0,64,253,180,181,0,0,0
1790485271.064061,268698629,1,7,173,226,197,71,4,0,192,0,0
1790485271.084567,268698629,1,7,182,226,197,71,4,0,192,0,0
1790485271.095239,419369473,1,6,0,0,64,253,175,6,0,0,0
1790485271.103587,268698629,1,7,190,226,197,71,4,0,192,0,0
1790485271.124331,268698629,1,7,198,226,197,71,4,0,192,0,0
1790485271.143284,268698629,1,7,206,226,197,71,4,0,192,0,0
1790485271.143420,419369217,1,8,66,80,9,249,65,168,0,0,0
1790485271.145230,419369729,1,4,4,176,0,75,0,0,0,0,0
1790485271.145426,419369473,1,6,0,0,64,253,169,97,0,0,0
1790485271.161172,268698629,1,7,214,226,197,71,4,0,192,0,0
1790485271.181593,268698629,1,7,222,226,197,71,4,0,192,0,0
1790485271.195231,419369473,1,6,0,0,64,253,163,215,0,0,0
1790485271.202746,268698629,1,7,231,226,197,71,4,0,192,0,0
1790485271.221246,268698629,1,7,239,226,197,71,4,0,192,0,0
1790485271.241785,419369217,1,8,66,80,9,243,65,168,0,0,0
1790485271.245240,419369473,1,6,0,0,64,253,158,86,0,0,0
1790485271.245337,268698629,1,7,249,226,197,71,4,0,192,0,0
1790485271.263368,268698629,1,7,1,227,197,71,4,0,192,0,0
1790485271.282080,268698629,1,7,8,227,197,71,4,0,192,0,0
1790485271.295267,419369473,1,6,0,0,64,253,152,229,0,0,0
1790485271.304386,268698629,1,7,18,227,197,71,4,0,192,0,0
1790485271.324587,268698629,1,7,26,227,197,71,4,0,192,0,0
1790485271.343344,268698629,1,7,34,227,197,71,4,0,192,0,0
1790485271.343498,419369217,1,8,66,80,9,237,65,168,0,0,0
1790485271.345286,419369473,1,6,0,0,64,253,147,131,0,0,0
1790485271.345528,419369729,1,4,4,176,0,75,0,0,0,0,0
1790485271.361266,268698629,1,7,42,227,197,71,4,0,192,0,0
1790485271.385148,268698629,1,7,52,227,197,71,4,0,192,0,0
1790485271.395229,419369473,1,6,0,0,64,253,142,51,0,0,0
1790485271.401879,268698629,1,7,59,227,197,71,4,0,192,0,0
1790485271.423992,268698629,1,7,68,227,197,71,4,0,192,0,0
1790485271.444188,419369217,1,8,66,80,9,231,65,168,0,0,0
1790485271.444314,268698629,1,7,77,227,197,71,4,0,192,0,0
1790485271.445221,419369473,1,6,0,0,64,253,136,242,0,0,0
1790485271.463835,268698629,1,7,85,227,197,71,4,0,192,0,0
1790485271.484238,268698629,1,7,94,227,197,71,4,0,192,0,0
1790485271.495233,419369473,1,6,0,0,64,253,131,193,0,0,0
1790485271.501787,268698629,1,7,101,227,197,71,4,0,192,0,0
1790485271.525344,268698629,1,7,111,227,197,71,4,0,192,0,0
1790485271.540952,419369217,1,8,66,80,9,225,65,168,0,0,0
1790485271.541128,268698629,1,7,118,227,197,71,4,0,192,0,0
1790485271.545237,419369473,1,6,0,0,64,253,126,160,0,0,0
1790485271.545352,419369729,1,4,4,176,0,75,0,0,0,0,0
1790485271.563972,268698629,1,7,128,227,197,71,4,0,192,0,0
1790485271.584004,268698629,1,7,136,227,197,71,4,0,192,0,0
1790485271.595270,419369473,1,6,0,0,64,253,121,143,0,0,0
1790485271.602901,268698629,1,7,144,227,197,71,4,0,192,0,0
1790485271.625036,268698629,1,7,154,227,197,71,4,0,192,0,0
1790485271.644374,268698629,1,7,162,227,197,71,4,0,192,0,0
1790485271.644733,419369217,1,8,66,80,9,219,65,168,0,0,0
1790485271.645214,419369473,1,6,0,0,64,253,116,144,0,0,0
1790485271.661670,268698629,1,7,169,227,197,71,4,0,192,0,0
1790485271.683968,268698629,1,7,179,227,197,71,4,0,192,0,0
1790485271.695207,419369473,1,6,0,0,64,253,111,161,0,0,0
1790485271.703766,268698629,1,7,187,227,197,71,4,0,192,0,0
1790485271.720783,268698629,1,7,195,227,197,71,4,0,192,0,0
1790485271.741599,419369217,1,8,66,80,9,213,65,168,0,0,0
1790485271.745204,419369473,1,6,0,0,64,253,106,194,0,0,0
1790485271.745522,268698629,1,7,205,227,197,71,4,0,192,0,0
1790485271.745636,419369729,1,4,4,176,0,75,0,0,0,0,0
1790485271.762867,268698629,1,7,213,227,197,71,4,0,192,0,0
1790485271.783620,268698629,1,7,221,227,197,71,4,0,192,0,0
1790485271.795329,419369473,1,6,0,0,64,253,101,244,0,0,0
1790485271.804889,268698629,1,7,231,227,197,71,4,0,192,0,0
1790485271.821896,268698629,1,7,238,227,197,71,4,0,192,0,0
1790485271.842397,419369217,1,8,66,80,9,206,65,168,0,0,0
1790485271.845250,268698629,1,7,248,227,197,71,4,0,192,0,0
1790485271.845355,419369473,1,6,0,0,64,253,97,52,0,0,0
1790485271.863646,268698629,1,7,0,228,197,71,4,0,192,0,0
1790485271.885010,268698629,1,7,9,228,197,71,4,0,192,0,0
1790485271.895349,419369473,1,6,0,0,64,253,92,140,0,0,0
1790485271.901032,268698629,1,7,16,228,197,71,4,0,192,0,0
1790485271.921616,268698629,1,7,25,228,197,71,4,0,192,0,0
1790485271.942576,419369217,1,8,66,80,9,199,65,168,0,0,0
1790485271.945216,419369473,1,6,0,0,64,253,87,243,0,0,0
1790485271.945421,268698629,1,7,35,228,197,71,4,0,192,0,0
1790485271.945800,419369729,1,4,4,176,0,75,0,0,0,0,0
1790485271.964488,268698629,1,7,43,228,197,71,4,0,192,0,0
1790485271.984188,268698629,1,7,52,228,197,71,4,0,192,0,0
1790485271.995289,419369473,1,6,0,0,64,253,83,106,0,0,0
1790485272.001499,268698629,1,7,59,228,197,71,4,0,192,0,0
1790485272.024912,268698629,1,7,69,228,197,71,4,0,192,0,0
1790485272.043492,268698629,1,7,77,228,197,71,4,0,192,0,0
1790485272.043770,419369217,1,8,66,80,9,191,65,168,0,0,0
1790485272.045218,419369473,1,6,0,0,64,253,78,243,0,0,0
1790485272.064418,268698629,1,7,86,228,197,71,4,0,192,0,0
1790485272.082382,268698629,1,7,94,228,197,71,4,0,192,0,0
1790485272.095295,419369473,1,6,0,0,64,253,74,141,0,0,0
1790485272.103202,268698629,1,7,103,228,197,71,4,0,192,0,0
1790485272.123579,268698629,1,7,112,228,197,71,4,0,192,0,0
1790485272.141961,419369217,1,8,66,80,9,184,65,168,0,0,0
1790485272.142139,268698629,1,7,120,228,197,71,4,0,192,0,0
1790485272.145237,419369729,1,4,4,176,0,75,0,0,0,0,0
1790485272.145458,419369473,1,6,0,0,64,253,70,53,0,0,0
1790485272.161341,268698629,1,7,128,228,197,71,4,0,192,0,0
1790485272.181113,268698629,1,7,137,228,197,71,4,0,192,0,0
1790485272.195270,419369473,1,6,0,0,64,253,65,248,0,0,0
1790485272.205358,268698629,1,7,147,228,197,71,4,0,192,0,0
1790485272.224288,268698629,1,7,155,228,197,71,4,0,192,0,0
1790485272.240390,419369217,1,8,66,80,9,177,65,168,0,0,0
1790485272.245014,268698629,1,7,164,228,197,71,4,0,192,0,0
1790485272.245268,419369473,1,6,0,0,64,253,61,200,0,0,0
1790485272.261042,268698629,1,7,171,228,197,71,4,0,192,0,0
1790485272.281726,268698629,1,7,180,228,197,71,4,0,192,0,0
1790485272.295262,419369473,1,6,0,0,64,253,57,170,0,0,0
1790485272.304023,268698629,1,7,190,228,197,71,4,0,192,0,0
1790485272.324466,268698629,1,7,199,228,197,71,4,0,192,0,0
1790485272.341649,268698629,1,7,206,228,197,71,4,0,192,0,0
1790485272.342212,419369217,1,8,66,80,9,169,65,168,0,0,0
1790485272.345226,419369473,1,6,0,0,64,253,53,159,0,0,0
1790485272.345441,419369729,1,4,4,176,0,75,0,0,0,0,0
1790485272.362764,268698629,1,7,216,228,197,71,4,0,192,0,0
1790485272.383378,268698629,1,7,225,228,197,71,4,0,192,0,0
1790485272.395250,419369473,1,6,0,0,64,253,49,166,0,0,0
1790485272.402070,268698629,1,7,233,228,197,71,4,0,192,0,0
1790485272.424919,268698629,1,7,243,228,197,71,4,0,192,0,0
1790485272.443312,268698629,1,7,251,228,197,71,4,0,192,0,0
1790485272.443501,419369217,1,8,66,80,9,161,65,168,0,0,0
1790485272.445220,419369473,1,6,0,0,64,253,45,191,0,0,0
1790485272.464811,268698629,1,7,4,229,197,71,4,0,192,0,0
1790485272.483693,268698629,1,7,12,229,197,71,4,0,192,0,0
1790485272.495248,419369473,1,6,0,0,64,253,41,234,0,0,0
1790485272.504087,268698629,1,7,21,229,197,71,4,0,192,0,0
1790485272.521888,268698629,1,7,29,229,197,71,4,0,192,0,0
1790485272.544601,419369217,1,8,66,80,9,152,65,168,0,0,0
1790485272.545228,419369473,1,6,0,0,64,253,38,41,0,0,0
1790485272.545313,419369729,1,4,4,176,0,75,0,0,0,0,0
1790485272.545359,268698629,1,7,39,229,197,71,4,0,192,0,0
1790485272.560910,268698629,1,7,46,229,197,71,4,0,192,0,0
1790485272.584619,268698629,1,7,56,229,197,71,4,0,192,0,0
1790485272.595248,419369473,1,6,0,0,64,253,34,122,0,0,0
1790485272.601173,268698629,1,7,64,229,197,71,4,0,192,0,0
1790485272.625677,268698629,1,7,74,229,197,71,4,0,192,0,0
1790485272.644167,268698629,1,7,82,229,197,71,4,0,192,0,0
1790485272.644351,419369217,1,8,66,80,9,144,65,168,0,0,0
1790485272.645246,419369473,1,6,0,0,64,253,30,221,0,0,0
1790485272.664519,268698629,1,7,91,229,197,71,4,0,192,0,0
1790485272.684471,268698629,1,7,100,229,197,71,4,0,192,0,0
1790485272.695304,419369473,1,6,0,0,64,253,27,83,0,0,0
1790485272.701562,268698629,1,7,107,229,197,71,4,0,192,0,0
1790485272.721876,268698629,1,7,116,229,197,71,4,0,192,0,0
1790485272.740897,419369217,1,8,66,80,9,136,65,168,0,0,0
1790485272.745273,268698629,1,7,127,229,197,71,4,0,192,0,0
1790485272.745386,419369473,1,6,0,0,64,253,23,219,0,0,0
1790485272.745510,419369729,1,4,4,176,0,75,0,0,0,0,0
1790485272.762536,268698629,1,7,134,229,197,71,4,0,192,0,0
1790485272.782119,268698629,1,7,143,229,197,71,4,0,192,0,0
1790485272.795280,419369473,1,6,0,0,64,253,20,122,0,0,0
1790485272.804972,268698629,1,7,153,229,197,71,4,0,192,0,0
1790485272.822775,268698629,1,7,161,229,197,71,4,0,192,0,0
1790485272.844324,419369217,1,8,66,80,9,126,65,168,0,0,0
1790485272.845155,268698629,1,7,170,229,197,71,4,0,192,0,0
1790485272.845444,419369473,1,6,0,0,64,253,17,38,0,0,0
1790485272.864628,268698629,1,7,179,229,197,71,4,0,192,0,0
1790485272.884354,268698629,1,7,188,229,197,71,4,0,192,0,0
1790485272.895296,419369473,1,6,0,0,64,253,13,236,0,0,0
1790485272.901488,268698629,1,7,195,229,197,71,4,0,192,0,0
1790485272.924369,268698629,1,7,205,229,197,71,4,0,192,0,0
1790485272.943438,419369217,1,8,66,80,9,117,65,168,0,0,0
1790485272.943633,268698629,1,7,214,229,197,71,4,0,192,0,0
1790485272.945265,419369473,1,6,0,0,64,253,10,195,0,0,0
1790485272.945412,419369729,1,4,4,176,0,75,0,0,0,0,0
1790485272.961159,268698629,1,7,221,229,197,71,4,0,192,0,0
1790485272.983886,268698629,1,7,231,229,197,71,4,0,192,0,0
1790485272.995439,419369473,1,6,0,0,64,253,7,170,0,0,0
1790485273.003099,268698629,1,7,240,229,197,71,4,0,192,0,0
1790485273.024489,268698629,1,7,249,229,197,71,4,0,192,0,0
1790485273.043619,268698629,1,7,1,230,197,71,4,0,192,0,0
1790485273.043725,419369217,1,8,66,80,9,108,65,168,0,0,0
1790485273.045244,419369473,1,6,0,0,64,253,4,169,0,0,0
1790485273.061227,268698629,1,7,9,230,197,71,4,0,192,0,0
1790485273.083419,268698629,1,7,19,230,197,71,4,0,192,0,0
1790485273.095247,419369473,1,6,0,0,64,253,1,186,0,0,0
1790485273.104593,268698629,1,7,28,230,197,71,4,0,192,0,0
1790485273.121974,268698629,1,7,36,230,197,71,4,0,192,0,0
1790485273.143491,419369217,1,8,66,80,9,99,65,168,0,0,0
1790485273.145268,419369473,1,6,0,0,64,252,254,222,0,0,0
1790485273.145363,268698629,1,7,46,230,197,71,4,0,192,0,0
1790485273.145410,419369729,1,4,4,176,0,75,0,0,0,0,0
1790485273.162844,268698629,1,7,54,230,197,71,4,0,192,0,0
1790485273.184635,268698629,1,7,63,230,197,71,4,0,192,0,0
1790485273.195323,419369473,1,6,0,0,64,252,252,22,0,0,0
1790485273.204702,268698629,1,7,72,230,197,71,4,0,192,0,0
1790485273.224234,268698629,1,7,81,230,197,71,4,0,192,0,0
1790485273.244927,268698629,1,7,90,230,197,71,4,0,192,0,0
1790485273.245356,419369217,1,8,66,80,9,89,65,168,0,0,0
1790485273.245580,419369473,1,6,0,0,64,252,249,93,0,0,0
1790485273.261351,268698629,1,7,97,230,197,71,4,0,192,0,0
1790485273.281647,268698629,1,7,106,230,197,71,4,0,192,0,0
1790485273.295282,419369473,1,6,0,0,64,252,246,193,0,0,0
1790485273.302791,268698629,1,7,115,230,197,71,4,0,192,0,0
1790485273.322195,268698629,1,7,124,230,197,71,4,0,192,0,0
1790485273.343434,419369217,1,8,66,80,9,79,65,168,0,0,0
1790485273.345251,268698629,1,7,134,230,197,71,4,0,192,0,0
1790485273.345776,419369729,1,4,4,176,0,75,0,0,0,0,0
1790485273.345886,419369473,1,6,0,0,64,252,244,44,0,0,0
1790485273.363927,268698629,1,7,142,230,197,71,4,0,192,0,0
1790485273.383449,268698629,1,7,151,230,197,71,4,0,192,0,0
1790485273.395257,419369473,1,6,0,0,64,252,241,188,0,0,0
1790485273.401085,268698629,1,7,158,230,197,71,4,0,192,0,0
1790485273.424596,268698629,1,7,169,230,197,71,4,0,192,0,0
1790485273.443445,268698629,1,7,177,230,197,71,4,0,192,0,0
1790485273.443627,419369217,1,8,66,80,9,69,65,168,0,0,0
1790485273.445268,419369473,1,6,0,0,64,252,239,88,0,0,0
1790485273.463347,268698629,1,7,186,230,197,71,4,0,192,0,0
1790485273.484740,268698629,1,7,195,230,197,71,4,0,192,0,0
1790485273.495320,419369473,1,6,0,0,64,252,237,7,0,0,0
1790485273.502640,268698629,1,7,203,230,197,71,4,0,192,0,0
1790485273.521285,268698629,1,7,211,230,197,71,4,0,192,0,0
1790485273.544333,419369217,1,8,66,80,9,59,65,168,0,0,0
1790485273.545444,419369729,1,4,4,176,0,75,0,0,0,0,0
1790485273.545850,268698629,1,7,222,230,197,71,4,0,192,0,0
1790485273.545964,419369473,1,6,0,0,64,252,234,195,0,0,0
1790485273.564180,268698629,1,7,230,230,197,71,4,0,192,0,0
1790485273.583348,268698629,1,7,238,230,197,71,4,0,192,0,0
1790485273.595264,419369473,1,6,0,0,64,252,232,163,0,0,0
1790485273.602523,268698629,1,7,247,230,197,71,4,0,192,0,0
1790485273.621862,268698629,1,7,255,230,197,71,4,0,192,0,0
1790485273.644164,419369217,1,8,66,80,9,49,65,168,0,0,0
1790485273.645274,268698629,1,7,10,231,197,71,4,0,192,0,0
1790485273.645496,419369473,1,6,0,0,64,252,230,140,0,0,0
1790485273.661423,268698629,1,7,17,231,197,71,4,0,192,0,0
1790485273.684232,268698629,1,7,27,231,197,71,4,0,192,0,0
1790485273.695235,419369473,1,6,0,0,64,252,228,143,0,0,0
1790485273.701897,268698629,1,7,34,231,197,71,4,0,192,0,0
1790485273.723771,268698629,1,7,44,231,197,71,4,0,192,0,0
1790485273.742752,419369217,1,8,66,80,9,38,65,168,0,0,0
1790485273.743005,268698629,1,7,53,231,197,71,4,0,192,0,0
1790485273.745242,419369473,1,6,0,0,64,252,226,164,0,0,0
1790485273.745363,419369729,1,4,4,176,0,75,0,0,0,0,0
1790485273.764810,268698629,1,7,62,231,197,71,4,0,192,0,0
1790485273.780809,268698629,1,7,69,231,197,71,4,0,192,0,0
1790485273.795271,419369473,1,6,0,0,64,252,224,205,0,0,0
1790485273.804573,268698629,1,7,79,231,197,71,4,0,192,0,0
1790485273.822257,268698629,1,7,87,231,197,71,4,0,192,0,0
1790485273.842968,419369217,1,8,66,80,9,27,65,168,0,0,0
1790485273.845286,268698629,1,7,97,231,197,71,4,0,192,0,0
1790485273.845441,419369473,1,6,0,0,64,252,223,9,0,0,0
1790485273.864311,268698629,1,7,106,231,197,71,4,0,192,0,0
1790485273.881798,268698629,1,7,113,231,197,71,4,0,192,0,0
1790485273.895421,419369473,1,6,0,0,64,252,221,92,0,0,0
1790485273.900875,268698629,1,7,122,231,197,71,4,0,192,0,0
1790485273.923677,268698629,1,7,132,231,197,71,4,0,192,0,0
1790485273.943649,419369217,1,8,66,80,9,16,65,168,0,0,0
1790485273.943833,268698629,1,7,140,231,197,71,4,0,192,0,0
1790485273.945280,419369473,1,6,0,0,64,252,219,196,0,0,0
1790485273.945522,419369729,1,4,4,176,0,75,0,0,0,0,0
1790485273.962708,268698629,1,7,149,231,197,71,4,0,192,0,0
1790485273.984326,268698629,1,7,158,231,197,71,4,0,192,0,0
1790485273.995305,419369473,1,6,0,0,64,252,218,63,0,0,0
1790485274.001178,268698629,1,7,166,231,197,71,4,0,192,0,0
1790485274.021451,268698629,1,7,174,231,197,71,4,0,192,0,0
1790485274.040879,419369217,1,8,66,80,9,5,65,168,0,0,0
1790485274.045235,419369473,1,6,0,0,64,252,216,207,0,0,0
1790485274.045347,268698629,1,7,185,231,197,71,4,0,192,0,0
1790485274.064109,268698629,1,7,193,231,197,71,4,0,192,0,0
1790485274.083743,268698629,1,7,202,231,197,71,4,0,192,0,0
1790485274.095312,419369473,1,6,0,0,64,252,215,115,0,0,0
1790485274.103372,268698629,1,7,210,231,197,71,4,0,192,0,0
1790485274.125128,268698629,1,7,220,231,197,71,4,0,192,0,0
1790485274.144710,268698629,1,7,228,231,197,71,4,0,192,0,0
1790485274.144890,419369729,1,4,4,176,0,75,0,0,0,0,0
1790485274.144936,419369473,1,6,0,0,64,252,214,47,0,0,0
1790485274.144997,419369217,1,8,66,80,8,250,65,168,0,0,0
1790485274.163778,268698629,1,7,237,231,197,71,4,0,192,0,0
1790485274.183159,268698629,1,7,245,231,197,71,4,0,192,0,0
1790485274.195292,419369473,1,6,0,0,64,252,212,251,0,0,0
1790485274.204985,268698629,1,7,255,231,197,71,4,0,192,0,0
1790485274.221353,268698629,1,7,6,232,197,71,4,0,192,0,0
1790485274.244959,419369217,1,8,66,80,8,238,65,168,0,0,0
1790485274.245508,419369473,1,6,0,0,64,252,211,220,0,0,0
1790485274.245682,268698629,1,7,16,232,197,71,4,0,192,0,0
1790485274.263455,268698629,1,7,24,232,197,71,4,0,192,0,0
1790485274.283983,268698629,1,7,33,232,197,71,4,0,192,0,0
1790485274.295277,419369473,1,6,0,0,64,252,210,213,0,0,0
1790485274.303473,268698629,1,7,41,232,197,71,4,0,192,0,0
1790485274.321406,268698629,1,7,49,232,197,71,4,0,192,0,0
1790485274.345263,419369217,1,8,66,80,8,226,65,168,0,0,0
1790485274.345415,419369473,1,6,0,0,64,252,209,225,0,0,0
1790485274.345482,268698629,1,7,60,232,197,71,4,0,192,0,0
1790485274.345517,419369729,1,4,4,176,0,75,0,0,0,0,0
1790485274.362877,268698629,1,7,67,232,197,71,4,0,192,0,0
1790485274.384349,268698629,1,7,77,232,197,71,4,0,192,0,0
1790485274.395260,419369473,1,6,0,0,64,252,209,3,0,0,0
1790485274.404820,268698629,1,7,85,232,197,71,4,0,192,0,0
1790485274.422179,268698629,1,7,93,232,197,71,4,0,192,0,0
1790485274.441427,419369217,1,8,66,80,8,215,65,168,0,0,0
1790485274.441602,419369473,1,6,0,0,64,252,208,71,0,0,0
1790485274.441688,268698629,1,7,101,232,197,71,4,0,192,0,0
1790485274.464202,268698629,1,7,111,232,197,71,4,0,192,0,0
1790485274.484047,268698629,1,7,120,232,197,71,4,0,192,0,0
1790485274.495289,419369473,1,6,0,0,64,252,207,132,0,0,0
1790485274.504795,268698629,1,7,129,232,197,71,4,0,192,0,0
1790485274.521297,268698629,1,7,136,232,197,71,4,0,192,0,0
1790485274.541393,419369217,1,8,66,80,8,203,65,168,0,0,0
1790485274.545254,268698629,1,7,146,232,197,71,4,0,192,0,0
1790485274.545385,419369729,1,4,4,176,0,75,0,0,0,0,0
1790485274.545473,419369473,1,6,0,0,64,252,206,227,0,0,0
1790485274.562643,268698629,1,7,154,232,197,71,4,0,192,0,0
1790485274.585171,268698629,1,7,164,232,197,71,4,0,192,0,0
1790485274.595278,419369473,1,6,0,0,64,252,206,88,0,0,0
1790485274.600791,268698629,1,7,170,232,197,71,4,0,192,0,0
1790485274.624474,268698629,1,7,181,232,197,71,4,0,192,0,0
1790485274.644630,268698629,1,7,189,232,197,71,4,0,192,0,0
1790485274.644974,419369217,1,8,66,80,8,190,65,168,0,0,0
1790485274.645521,419369473,1,6,0,0,64,252,205,226,0,0,0
1790485274.664127,268698629,1,7,198,232,197,71,4,0,192,0,0
1790485274.684538,268698629,1,7,206,232,197,71,4,0,192,0,0
1790485274.695300,419369473,1,6,0,0,64,252,205,129,0,0,0
1790485274.701225,268698629,1,7,214,232,197,71,4,0,192,0,0
1790485274.721410,268698629,1,7,222,232,197,71,4,0,192,0,0
1790485274.740835,419369217,1,8,66,80,8,178,65,168,0,0,0
1790485274.745231,419369473,1,6,0,0,64,252,205,52,0,0,0
1790485274.745614,268698629,1,7,233,232,197,71,4,0,192,0,0
1790485274.745732,419369729,1,4,4,176,0,75,0,0,0,0,0
1790485274.762022,268698629,1,7,240,232,197,71,4,0,192,0,0
1790485274.784603,268698629,1,7,250,232,197,71,4,0,192,0,0
1790485274.795320,419369473,1,6,0,0,64,252,204,253,0,0,0
1790485274.804260,268698629,1,7,2,233,197,71,4,0,192,0,0
1790485274.822133,268698629,1,7,10,233,197,71,4,0,192,0,0
1790485274.844702,419369217,1,8,66,80,8,165,65,168,0,0,0
1790485274.845250,268698629,1,7,20,233,197,71,4,0,192,0,0
1790485274.845611,419369473,1,6,0,0,64,252,204,218,0,0,0
1790485274.863342,268698629,1,7,27,233,197,71,4,0,192,0,0
1790485274.881678,268698629,1,7,35,233,197,71,4,0,192,0,0
1790485274.895262,419369473,1,6,0,0,64,252,204,205,0,0,0
1790485274.901986,268698629,1,7,44,233,197,71,4,0,192,0,0
1790485274.925280,268698629,1,7,54,233,197,71,4,0,192,0,0
1790485274.944107,419369217,1,8,66,80,8,152,65,168,0,0,0
1790485274.944345,268698629,1,7,62,233,197,71,4,0,192,0,0
1790485274.945239,419369473,1,6,0,0,64,252,204,212,0,0,0
1790485274.945310,419369729,1,4,4,176,0,75,0,0,0,0,0
1790485274.962908,268698629,1,7,70,233,197,71,4,0,192,0,0
1790485274.983722,268698629,1,7,79,233,197,71,4,0,192,0,0
1790485274.995294,419369473,1,6,0,0,64,252,204,241,0,0,0
1790485275.004873,268698629,1,7,88,233,197,71,4,0,192,0,0
1790485275.023685,268698629,1,7,96,233,197,71,4,0,192,0,0
1790485275.044367,419369217,1,8,66,80,8,139,65,168,0,0,0
1790485275.044515,268698629,1,7,105,233,197,71,4,0,192,0,0
1790485275.045238,419369473,1,6,0,0,64,252,205,34,0,0,0
1790485275.064615,268698629,1,7,113,233,197,71,4,0,192,0,0
1790485275.082591,268698629,1,7,121,233,197,71,4,0,192,0,0
1790485275.095291,419369473,1,6,0,0,64,252,205,105,0,0,0
1790485275.103927,268698629,1,7,130,233,197,71,4,0,192,0,0
1790485275.121821,268698629,1,7,138,233,197,71,4,0,192,0,0
1790485275.144789,419369217,1,8,66,80,8,125,65,168,0,0,0
1790485275.145230,268698629,1,7,148,233,197,71,4,0,192,0,0
1790485275.145481,419369473,1,6,0,0,64,252,205,197,0,0,0
1790485275.145583,419369729,1,4,4,176,0,75,0,0,0,0,0
1790485275.160964,268698629,1,7,154,233,197,71,4,0,192,0,0
1790485275.182079,268698629,1,7,163,233,197,71,4,0,192,0,0
1790485275.195292,419369473,1,6,0,0,64,252,206,52,0,0,0
1790485275.201712,268698629,1,7,172,233,197,71,4,0,192,0,0
1790485275.225473,268698629,1,7,182,233,197,71,4,0,192,0,0
1790485275.243182,268698629,1,7,189,233,197,71,4,0,192,0,0
1790485275.244240,419369217,1,8,66,80,8,112,65,168,0,0,0
1790485275.245434,419369473,1,6,0,0,64,252,206,186,0,0,0
1790485275.263797,268698629,1,7,198,233,197,71,4,0,192,0,0
1790485275.285008,268698629,1,7,207,233,197,71,4,0,192,0,0
1790485275.295232,419369473,1,6,0,0,64,252,207,84,0,0,0
1790485275.303687,268698629,1,7,215,233,197,71,4,0,192,0,0
1790485275.323810,268698629,1,7,223,233,197,71,4,0,192,0,0
1790485275.344470,419369217,1,8,66,80,8,98,65,168,0,0,0
1790485275.344589,268698629,1,7,232,233,197,71,4,0,192,0,0
1790485275.345290,419369473,1,6,0,0,64,252,208,3,0,0,0
1790485275.345405,419369729,1,4,4,176,0,75,0,0,0,0,0
1790485275.363964,268698629,1,7,240,233,197,71,4,0,192,0,0
1790485275.383853,268698629,1,7,249,233,197,71,4,0,192,0,0
1790485275.395284,419369473,1,6,0,0,64,252,208,199,0,0,0
1790485275.402750,268698629,1,7,0,234,197,71,4,0,192,0,0
1790485275.423549,268698629,1,7,9,234,197,71,4,0,192,0,0
1790485275.444256,268698629,1,7,18,234,197,71,4,0,192,0,0
1790485275.444357,419369217,1,8,66,80,8,85,65,168,0,0,0
1790485275.445295,419369473,1,6,0,0,64,252,209,160,0,0,0
1790485275.461439,268698629,1,7,25,234,197,71,4,0,192,0,0
1790485275.485336,268698629,1,7,35,234,197,71,4,0,192,0,0
1790485275.495286,419369473,1,6,0,0,64,252,210,141,0,0,0
1790485275.504567,268698629,1,7,43,234,197,71,4,0,192,0,0
1790485275.522614,268698629,1,7,51,234,197,71,4,0,192,0,0
1790485275.542675,419369217,1,8,66,80,8,71,65,168,0,0,0
1790485275.545323,268698629,1,7,60,234,197,71,4,0,192,0,0
1790485275.545421,419369473,1,6,0,0,64,252,211,145,0,0,0
1790485275.545486,419369729,1,4,4,176,0,75,0,0,0,0,0
1790485275.564468,268698629,1,7,68,234,197,71,4,0,192,0,0
1790485275.584228,268698629,1,7,76,234,197,71,4,0,192,0,0
1790485275.595322,419369473,1,6,0,0,64,252,212,167,0,0,0
1790485275.603109,268698629,1,7,84,234,197,71,4,0,192,0,0
1790485275.625095,268698629,1,7,93,234,197,71,4,0,192,0,0
1790485275.644130,268698629,1,7,101,234,197,71,4,0,192,0,0
1790485275.644754,419369217,1,8,66,80,8,57,65,168,0,0,0
1790485275.645243,419369473,1,6,0,0,64,252,213,211,0,0,0
1790485275.663982,268698629,1,7,110,234,197,71,4,0,192,0,0
1790485275.682346,268698629,1,7,117,234,197,71,4,0,192,0,0
1790485275.695375,419369473,1,6,0,0,64,252,215,21,0,0,0
1790485275.700796,268698629,1,7,125,234,197,71,4,0,192,0,0
1790485275.721050,268698629,1,7,133,234,197,71,4,0,192,0,0
1790485275.742608,419369217,1,8,66,80,8,43,65,168,0,0,0
1790485275.745242,419369729,1,4,4,176,0,75,0,0,0,0,0
1790485275.745439,419369473,1,6,0,0,64,252,216,107,0,0,0
1790485275.745567,268698629,1,7,143,234,197,71,4,0,192,0,0
1790485275.763030,268698629,1,7,151,234,197,71,4,0,192,0,0
1790485275.783600,268698629,1,7,159,234,197,71,4,0,192,0,0
1790485275.795291,419369473,1,6,0,0,64,252,217,212,0,0,0
1790485275.804836,268698629,1,7,168,234,197,71,4,0,192,0,0
1790485275.820909,268698629,1,7,175,234,197,71,4,0,192,0,0
1790485275.840570,419369217,1,8,66,80,8,28,65,168,0,0,0
1790485275.845284,268698629,1,7,185,234,197,71,4,0,192,0,0
1790485275.845380,419369473,1,6,0,0,64,252,219,84,0,0,0
1790485275.863883,268698629,1,7,192,234,197,71,4,0,192,0,0
1790485275.883649,268698629,1,7,200,234,197,71,4,0,192,0,0
1790485275.895286,419369473,1,6,0,0,64,252,220,230,0,0,0
1790485275.902605,268698629,1,7,208,234,197,71,4,0,192,0,0
1790485275.924877,268698629,1,7,217,234,197,71,4,0,192,0,0
1790485275.944636,268698629,1,7,225,234,197,71,4,0,192,0,0
1790485275.944823,419369217,1,8,66,80,8,13,65,168,0,0,0
1790485275.945242,419369473,1,6,0,0,64,252,222,142,0,0,0
1790485275.945346,419369729,1,4,4,176,0,75,0,0,0,0,0
1790485275.964045,268698629,1,7,233,234,197,71,4,0,192,0,0
1790485275.984785,268698629,1,7,242,234,197,71,4,0,192,0,0
1790485275.995240,419369473,1,6,0,0,64,252,224,74,0,0,0
1790485276.004727,268698629,1,7,250,234,197,71,4,0,192,0,0
1790485276.022028,268698629,1,7,1,235,197,71,4,0,192,0,0
1790485276.043916,419369217,1,8,66,80,7,255,65,168,0,0,0
1790485276.045293,268698629,1,7,10,235,197,71,4,0,192,0,0
1790485276.045436,419369473,1,6,0,0,64,252,226,29,0,0,0
1790485276.063622,268698629,1,7,18,235,197,71,4,0,192,0,0
1790485276.083422,268698629,1,7,26,235,197,71,4,0,192,0,0
1790485276.095269,419369473,1,6,0,0,64,252,228,1,0,0,0
1790485276.104257,268698629,1,7,34,235,197,71,4,0,192,0,0
1790485276.123946,268698629,1,7,42,235,197,71,4,0,192,0,0
1790485276.144802,419369217,1,8,66,80,7,239,65,168,0,0,0
1790485276.145345,268698629,1,7,51,235,197,71,4,0,192,0,0
1790485276.145466,419369729,1,4,4,176,0,75,0,0,0,0,0
1790485276.145511,419369473,1,6,0,0,64,252,229,253,0,0,0
1790485276.163871,268698629,1,7,58,235,197,71,4,0,192,0,0
1790485276.181616,268698629,1,7,66,235,197,71,4,0,192,0,0
1790485276.195297,419369473,1,6,0,0,64,252,232,9,0,0,0
1790485276.203094,268698629,1,7,74,235,197,71,4,0,192,0,0
1790485276.222172,268698629,1,7,82,235,197,71,4,0,192,0,0
1790485276.244404,419369217,1,8,66,80,7,224,65,168,0,0,0
1790485276.245292,268698629,1,7,91,235,197,71,4,0,192,0,0
1790485276.245636,419369473,1,6,0,0,64,252,234,47,0,0,0
1790485276.263142,268698629,1,7,98,235,197,71,4,0,192,0,0
1790485276.283868,268698629,1,7,107,235,197,71,4,0,192,0,0
1790485276.295288,419369473,1,6,0,0,64,252,236,98,0,0,0
1790485276.303035,268698629,1,7,114,235,197,71,4,0,192,0,0
1790485276.324618,268698629,1,7,123,235,197,71,4,0,192,0,0
1790485276.340953,268698629,1,7,130,235,197,71,4,0,192,0,0
1790485276.341087,419369217,1,8,66,80,7,210,65,168,0,0,0
1790485276.345270,419369729,1,4,4,176,0,75,0,0,0,0,0
1790485276.345396,419369473,1,6,0,0,64,252,238,174,0,0,0
1790485276.364657,268698629,1,7,139,235,197,71,4,0,192,0,0
1790485276.381746,268698629,1,7,146,235,197,71,4,0,192,0,0
1790485276.395347,419369473,1,6,0,0,64,252,241,12,0,0,0
1790485276.404283,268698629,1,7,155,235,197,71,4,0,192,0,0
1790485276.423716,268698629,1,7,162,235,197,71,4,0,192,0,0
1790485276.443305,419369217,1,8,66,80,7,194,65,168,0,0,0
1790485276.443495,268698629,1,7,170,235,197,71,4,0,192,0,0
1790485276.445495,419369473,1,6,0,0,64,252,243,129,0,0,0
1790485276.463647,268698629,1,7,178,235,197,71,4,0,192,0,0
1790485276.484660,268698629,1,7,187,235,197,71,4,0,192,0,0
1790485276.495290,419369473,1,6,0,0,64,252,246,5,0,0,0
1790485276.504095,268698629,1,7,194,235,197,71,4,0,192,0,0
1790485276.524602,268698629,1,7,202,235,197,71,4,0,192,0,0
1790485276.541068,268698629,1,7,209,235,197,71,4,0,192,0,0
1790485276.541228,419369217,1,8,66,80,7,178,65,168,0,0,0
1790485276.545269,419369473,1,6,0,0,64,252,248,160,0,0,0
1790485276.545357,419369729,1,4,4,176,0,75,0,0,0,0,0
1790485276.564763,268698629,1,7,218,235,197,71,4,0,192,0,0
1790485276.583487,268698629,1,7,226,235,197,71,4,0,192,0,0
1790485276.595584,419369473,1,6,0,0,64,252,251,83,0,0,0
1790485276.604543,268698629,1,7,234,235,197,71,4,0,192,0,0
1790485276.621115,268698629,1,7,240,235,197,71,4,0,192,0,0
1790485276.644339,419369217,1,8,66,80,7,162,65,168,0,0,0
1790485276.645268,419369473,1,6,0,0,64,252,254,17,0,0,0
1790485276.645463,268698629,1,7,250,235,197,71,4,0,192,0,0
1790485276.662133,268698629,1,7,0,236,197,71,4,0,192,0,0
1790485276.680906,268698629,1,7,8,236,197,71,4,0,192,0,0
1790485276.695312,419369473,1,6,0,0,64,253,0,231,0,0,0
1790485276.704649,268698629,1,7,17,236,197,71,4,0,192,0,0
1790485276.722141,268698629,1,7,24,236,197,71,4,0,192,0,0
1790485276.743255,419369217,1,8,66,80,7,146,65,168,0,0,0
1790485276.745262,268698629,1,7,33,236,197,71,4,0,192,0,0
1790485276.745393,419369473,1,6,0,0,64,253,3,211,0,0,0
1790485276.745539,419369729,1,4,4,176,0,75,0,0,0,0,0
1790485276.764386,268698629,1,7,40,236,197,71,4,0,192,0,0
1790485276.782688,268698629,1,7,47,236,197,71,4,0,192,0,0
1790485276.795295,419369473,1,6,0,0,64,253,6,206,0,0,0
1790485276.805311,268698629,1,7,56,236,197,71,4,0,192,0,0
1790485276.824342,268698629,1,7,63,236,197,71,4,0,192,0,0
1790485276.843225,268698629,1,7,71,236,197,71,4,0,192,0,0
1790485276.843330,419369217,1,8,66,80,7,130,65,168,0,0,0
1790485276.845260,419369473,1,6,0,0,64,253,9,223,0,0,0
1790485276.865214,268698629,1,7,79,236,197,71,4,0,192,0,0
1790485276.883443,268698629,1,7,86,236,197,71,4,0,192,0,0
1790485276.895281,419369473,1,6,0,0,64,253,13,3,0,0,0
1790485276.902071,268698629,1,7,93,236,197,71,4,0,192,0,0
1790485276.924073,268698629,1,7,102,236,197,71,4,0,192,0,0
1790485276.944896,268698629,1,7,110,236,197,71,4,0,192,0,0
1790485276.945127,419369217,1,8,66,80,7,114,65,168,0,0,0
1790485276.945329,419369473,1,6,0,0,64,253,16,60,0,0,0
1790485276.945404,419369729,1,4,4,176,0,75,0,0,0,0,0
1790485276.963301,268698629,1,7,117,236,197,71,4,0,192,0,0
1790485276.984718,268698629,1,7,125,236,197,71,4,0,192,0,0
1790485276.995278,419369473,1,6,0,0,64,253,19,134,0,0,0
1790485277.003842,268698629,1,7,132,236,197,71,4,0,192,0,0
1790485277.024601,268698629,1,7,140,236,197,71,4,0,192,0,0
1790485277.041073,419369217,1,8,66,80,7,98,65,168,0,0,0
1790485277.041196,419369473,1,6,0,0,64,253,22,157,0,0,0
1790485277.041247,268698629,1,7,146,236,197,71,4,0,192,0,0
1790485277.063954,268698629,1,7,155,236,197,71,4,0,192,0,0
1790485277.082941,268698629,1,7,162,236,197,71,4,0,192,0,0
1790485277.095284,419369473,1,6,0,0,64,253,26,85,0,0,0
1790485277.102886,268698629,1,7,170,236,197,71,4,0,192,0,0
1790485277.124303,268698629,1,7,178,236,197,71,4,0,192,0,0
1790485277.142536,268698629,1,7,185,236,197,71,4,0,192,0,0
1790485277.142669,419369217,1,8,66,80,7,81,65,168,0,0,0
1790485277.145310,419369473,1,6,0,0,64,253,29,217,0,0,0
1790485277.145656,419369729,1,4,4,176,0,75,0,0,0,0,0
1790485277.163814,268698629,1,7,192,236,197,71,4,0,192,0,0
1790485277.184426,268698629,1,7,200,236,197,71,4,0,192,0,0
1790485277.195282,419369473,1,6,0,0,64,253,33,112,0,0,0
1790485277.204755,268698629,1,7,208,236,197,71,4,0,192,0,0
1790485277.220861,268698629,1,7,214,236,197,71,4,0,192,0,0
1790485277.240509,419369217,1,8,66,80,7,65,65,168,0,0,0
1790485277.245270,419369473,1,6,0,0,64,253,37,26,0,0,0
1790485277.245680,268698629,1,7,223,236,197,71,4,0,192,0,0
1790485277.263254,268698629,1,7,230,236,197,71,4,0,192,0,0
1790485277.284884,268698629,1,7,238,236,197,71,4,0,192,0,0
1790485277.295310,419369473,1,6,0,0,64,253,40,214,0,0,0
1790485277.304617,268698629,1,7,245,236,197,71,4,0,192,0,0
1790485277.323082,268698629,1,7,252,236,197,71,4,0,192,0,0
1790485277.344280,419369217,1,8,66,80,7,47,65,168,0,0,0
1790485277.344495,268698629,1,7,4,237,197,71,4,0,192,0,0
1790485277.345264,419369473,1,6,0,0,64,253,44,165,0,0,0
1790485277.345426,419369729,1,4,4,176,0,75,0,0,0,0,0
1790485277.362179,268698629,1,7,10,237,197,71,4,0,192,0,0
1790485277.380887,268698629,1,7,17,237,197,71,4,0,192,0,0
1790485277.395320,419369473,1,6,0,0,64,253,48,135,0,0,0
1790485277.401206,268698629,1,7,25,237,197,71,4,0,192,0,0
1790485277.425133,268698629,1,7,33,237,197,71,4,0,192,0,0
1790485277.442582,268698629,1,7,40,237,197,71,4,0,192,0,0
1790485277.443901,419369217,1,8,66,80,7,30,65,168,0,0,0
1790485277.445246,419369473,1,6,0,0,64,253,52,122,0,0,0
1790485277.461280,268698629,1,7,47,237,197,71,4,0,192,0,0
1790485277.485213,268698629,1,7,55,237,197,71,4,0,192,0,0
1790485277.495308,419369473,1,6,0,0,64,253,56,129,0,0,0
1790485277.504277,268698629,1,7,62,237,197,71,4,0,192,0,0
1790485277.520791,268698629,1,7,68,237,197,71,4,0,192,0,0
1790485277.542146,419369217,1,8,66,80,7,13,65,168,0,0,0
1790485277.545260,419369473,1,6,0,0,64,253,60,153,0,0,0
1790485277.545505,268698629,1,7,77,237,197,71,4,0,192,0,0
1790485277.545702,419369729,1,4,4,176,0,75,0,0,0,0,0
1790485277.560857,268698629,1,7,83,237,197,71,4,0,192,0,0
1790485277.584297,268698629,1,7,91,237,197,71,4,0,192,0,0
1790485277.595285,419369473,1,6,0,0,64,253,64,196,0,0,0
1790485277.601820,268698629,1,7,98,237,197,71,4,0,192,0,0
1790485277.625066,268698629,1,7,106,237,197,71,4,0,192,0,0
1790485277.644381,268698629,1,7,113,237,197,71,4,0,192,0,0
1790485277.644474,419369217,1,8,66,80,6,251,65,168,0,0,0
1790485277.645269,419369473,1,6,0,0,64,253,69,0,0,0,0
1790485277.664546,268698629,1,7,120,237,197,71,4,0,192,0,0
1790485277.680920,268698629,1,7,126,237,197,71,4,0,192,0,0
1790485277.695277,419369473,1,6,0,0,64,253,73,79,0,0,0
1790485277.704983,268698629,1,7,135,237,197,71,4,0,192,0,0
1790485277.724446,268698629,1,7,141,237,197,71,4,0,192,0,0
1790485277.742215,268698629,1,7,148,237,197,71,4,0,192,0,0
1790485277.742562,419369217,1,8,66,80,6,234,65,168,0,0,0
1790485277.745336,419369473,1,6,0,0,64,253,77,176,0,0,0
1790485277.745711,419369729,1,4,4,176,0,75,0,0,0,0,0
1790485277.764818,268698629,1,7,156,237,197,71,4,0,192,0,0
1790485277.781721,268698629,1,7,162,237,197,71,4,0,192,0,0
1790485277.795264,419369473,1,6,0,0,64,253,82,33,0,0,0
1790485277.801400,268698629,1,7,169,237,197,71,4,0,192,0,0
1790485277.823554,268698629,1,7,177,237,197,71,4,0,192,0,0
1790485277.843248,268698629,1,7,183,237,197,71,4,0,192,0,0
1790485277.843367,419369217,1,8,66,80,6,216,65,168,0,0,0
1790485277.845279,419369473,1,6,0,0,64,253,86,165,0,0,0
1790485277.863657,268698629,1,7,191,237,197,71,4,0,192,0,0
1790485277.884981,268698629,1,7,198,237,197,71,4,0,192,0,0
1790485277.895299,419369473,1,6,0,0,64,253,91,58,0,0,0
1790485277.901489,268698629,1,7,204,237,197,71,4,0,192,0,0
1790485277.920805,268698629,1,7,211,237,197,71,4,0,192,0,0
1790485277.943621,419369217,1,8,66,80,6,199,65,168,0,0,0
1790485277.945265,419369473,1,6,0,0,64,253,95,224,0,0,0
1790485277.945364,419369729,1,4,4,176,0,75,0,0,0,0,0
1790485277.945412,268698629,1,7,219,237,197,71,4,0,192,0,0
1790485277.963462,268698629,1,7,225,237,197,71,4,0,192,0,0
1790485277.984373,268698629,1,7,233,237,197,71,4,0,192,0,0
1790485277.995335,419369473,1,6,0,0,64,253,100,152,0,0,0
1790485278.001154,268698629,1,7,238,237,197,71,4,0,192,0,0
1790485278.023896,268698629,1,7,246,237,197,71,4,0,192,0,0
1790485278.044054,419369217,1,8,66,80,6,181,65,168,0,0,0
1790485278.044239,268698629,1,7,253,237,197,71,4,0,192,0,0
1790485278.045279,419369473,1,6,0,0,64,253,105,97,0,0,0
1790485278.061183,268698629,1,7,3,238,197,71,4,0,192,0,0
1790485278.085563,268698629,1,7,11,238,197,71,4,0,192,0,0
1790485278.094467,419369473,1,6,0,0,64,253,110,37,0,0,0
1790485278.104158,268698629,1,7,18,238,197,71,4,0,192,0,0
1790485278.121137,268698629,1,7,24,238,197,71,4,0,192,0,0
1790485278.144762,419369217,1,8,66,80,6,162,65,168,0,0,0
1790485278.145255,419369473,1,6,0,0,64,253,115,36,0,0,0
1790485278.145462,268698629,1,7,32,238,197,71,4,0,192,0,0
1790485278.145551,419369729,1,4,4,176,0,75,0,0,0,0,0
1790485278.161418,268698629,1,7,37,238,197,71,4,0,192,0,0
1790485278.184506,268698629,1,7,45,238,197,71,4,0,192,0,0
1790485278.195331,419369473,1,6,0,0,64,253,120,32,0,0,0
1790485278.203535,268698629,1,7,51,238,197,71,4,0,192,0,0
1790485278.224844,268698629,1,7,59,238,197,71,4,0,192,0,0
1790485278.244583,268698629,1,7,65,238,197,71,4,0,192,0,0
1790485278.244894,419369217,1,8,66,80,6,144,65,168,0,0,0
1790485278.245492,419369473,1,6,0,0,64,253,125,49,0,0,0
1790485278.264779,268698629,1,7,72,238,197,71,4,0,192,0,0
1790485278.283607,268698629,1,7,78,238,197,71,4,0,192,0,0
1790485278.295403,419369473,1,6,0,0,64,253,130,75,0,0,0
1790485278.304092,268698629,1,7,85,238,197,71,4,0,192,0,0
1790485278.323106,268698629,1,7,92,238,197,71,4,0,192,0,0
1790485278.343799,268698629,1,7,98,238,197,71,4,0,192,0,0
1790485278.343911,419369217,1,8,66,80,6,126,65,168,0,0,0
1790485278.345340,419369729,1,4,4,176,0,75,0,0,0,0,0
1790485278.345455,419369473,1,6,0,0,64,253,135,121,0,0,0
1790485278.361377,268698629,1,7,104,238,197,71,4,0,192,0,0
1790485278.382097,268698629,1,7,111,238,197,71,4,0,192,0,0
1790485278.395292,419369473,1,6,0,0,64,253,140,177,0,0,0
1790485278.401226,268698629,1,7,117,238,197,71,4,0,192,0,0
1790485278.422497,268698629,1,7,124,238,197,71,4,0,192,0,0
1790485278.442721,419369217,1,8,66,80,6,108,65,168,0,0,0
1790485278.445269,268698629,1,7,132,238,197,71,4,0,192,0,0
1790485278.445528,419369473,1,6,0,0,64,253,146,5,0,0,0
1790485278.464413,268698629,1,7,138,238,197,71,4,0,192,0,0
1790485278.483941,268698629,1,7,144,238,197,71,4,0,192,0,0
1790485278.495401,419369473,1,6,0,0,64,253,151,92,0,0,0
1790485278.500939,268698629,1,7,150,238,197,71,4,0,192,0,0
1790485278.521004,268698629,1,7,156,238,197,71,4,0,192,0,0
1790485278.541721,419369217,1,8,66,80,6,89,65,168,0,0,0
1790485278.545301,419369473,1,6,0,0,64,253,156,199,0,0,0
1790485278.545543,268698629,1,7,164,238,197,71,4,0,192,0,0
1790485278.545602,419369729,1,4,4,176,0,75,0,0,0,0,0
1790485278.560995,268698629,1,7,169,238,197,71,4,0,192,0,0
1790485278.585344,268698629,1,7,177,238,197,71,4,0,192,0,0
1790485278.595339,419369473,1,6,0,0,64,253,162,67,0,0,0
1790485278.602349,268698629,1,7,183,238,197,71,4,0,192,0,0
1790485278.625165,268698629,1,7,190,238,197,71,4,0,192,0,0
1790485278.644117,419369217,1,8,66,80,6,70,65,168,0,0,0
1790485278.644282,268698629,1,7,196,238,197,71,4,0,192,0,0
1790485278.645259,419369473,1,6,0,0,64,253,167,206,0,0,0
1790485278.663255,268698629,1,7,202,238,197,71,4,0,192,0,0
1790485278.681242,268698629,1,7,208,238,197,71,4,0,192,0,0
1790485278.695292,419369473,1,6,0,0,64,253,173,105,0,0,0
1790485278.700831,268698629,1,7,214,238,197,71,4,0,192,0,0
1790485278.722596,268698629,1,7,221,238,197,71,4,0,192,0,0
1790485278.741939,419369217,1,8,66,80,6,51,65,168,0,0,0
1790485278.745270,268698629,1,7,228,238,197,71,4,0,192,0,0
1790485278.745577,419369473,1,6,0,0,64,253,179,28,0,0,0
1790485278.745743,419369729,1,4,4,176,0,75,0,0,0,0,0
1790485278.762079,268698629,1,7,233,238,197,71,4,0,192,0,0
1790485278.782113,268698629,1,7,240,238,197,71,4,0,192,0,0
1790485278.795306,419369473,1,6,0,0,64,253,184,205,0,0,0
1790485278.804789,268698629,1,7,247,238,197,71,4,0,192,0,0
1790485278.823901,268698629,1,7,253,238,197,71,4,0,192,0,0
1790485278.841456,419369217,1,8,66,80,6,33,65,168,0,0,0
1790485278.841638,268698629,1,7,2,239,197,71,4,0,192,0,0
1790485278.845270,419369473,1,6,0,0,64,253,190,149,0,0,0
1790485278.863631,268698629,1,7,9,239,197,71,4,0,192,0,0
1790485278.884763,268698629,1,7,15,239,197,71,4,0,192,0,0
1790485278.895292,419369473,1,6,0,0,64,253,196,108,0,0,0
1790485278.901446,268698629,1,7,21,239,197,71,4,0,192,0,0
1790485278.920989,268698629,1,7,27,239,197,71,4,0,192,0,0
1790485278.943720,419369217,1,8,66,80,6,13,65,168,0,0,0
1790485278.945289,419369729,1,4,4,176,0,75,0,0,0,0,0
1790485278.945415,419369473,1,6,0,0,64,253,202,86,0,0,0
1790485278.945561,268698629,1,7,34,239,197,71,4,0,192,0,0
1790485278.964544,268698629,1,7,40,239,197,71,4,0,192,0,0
1790485278.984709,268698629,1,7,46,239,197,71,4,0,192,0,0
1790485278.995295,419369473,1,6,0,0,64,253,208,70,0,0,0
1790485279.003003,268698629,1,7,52,239,197,71,4,0,192,0,0
1790485279.021622,268698629,1,7,57,239,197,71,4,0,192,0,0
1790485279.043600,419369217,1,8,66,80,5,250,65,168,0,0,0
1790485279.045264,419369473,1,6,0,0,64,253,214,72,0,0,0
1790485279.045478,268698629,1,7,64,239,197,71,4,0,192,0,0
1790485279.063977,268698629,1,7,70,239,197,71,4,0,192,0,0
1790485279.084044,268698629,1,7,76,239,197,71,4,0,192,0,0
1790485279.095291,419369473,1,6,0,0,64,253,220,89,0,0,0
1790485279.101265,268698629,1,7,81,239,197,71,4,0,192,0,0
1790485279.124232,268698629,1,7,88,239,197,71,4,0,192,0,0
1790485279.141842,268698629,1,7,93,239,197,71,4,0,192,0,0
1790485279.142056,419369217,1,8,66,80,5,231,65,168,0,0,0
1790485279.145266,419369473,1,6,0,0,64,253,226,119,0,0,0
1790485279.145486,419369729,1,4,4,176,0,75,0,0,0,0,0
1790485279.165027,268698629,1,7,100,239,197,71,4,0,192,0,0
1790485279.184387,268698629,1,7,106,239,197,71,4,0,192,0,0
1790485279.195344,419369473,1,6,0,0,64,253,232,165,0,0,0
1790485279.204747,268698629,1,7,112,239,197,71,4,0,192,0,0
1790485279.223677,268698629,1,7,117,239,197,71,4,0,192,0,0
1790485279.244628,419369217,1,8,66,80,5,211,65,168,0,0,0
1790485279.244847,268698629,1,7,124,239,197,71,4,0,192,0,0
1790485279.245408,419369473,1,6,0,0,64,253,238,226,0,0,0
1790485279.263275,268698629,1,7,129,239,197,71,4,0,192,0,0
1790485279.281853,268698629,1,7,134,239,197,71,4,0,192,0,0
1790485279.295303,419369473,1,6,0,0,64,253,245,38,0,0,0
1790485279.301611,268698629,1,7,140,239,197,71,4,0,192,0,0
1790485279.321958,268698629,1,7,146,239,197,71,4,0,192,0,0
1790485279.343753,419369217,1,8,66,80,5,191,65,168,0,0,0
1790485279.345294,419369473,1,6,0,0,64,253,251,123,0,0,0
1790485279.345394,268698629,1,7,153,239,197,71,4,0,192,0,0
1790485279.345454,419369729,1,4,4,176,0,75,0,0,0,0,0
1790485279.362573,268698629,1,7,158,239,197,71,4,0,192,0,0
1790485279.384492,268698629,1,7,164,239,197,71,4,0,192,0,0
1790485279.395483,419369473,1,6,0,0,64,254,1,224,0,0,0
1790485279.401005,268698629,1,7,168,239,197,71,4,0,192,0,0
1790485279.425691,268698629,1,7,175,239,197,71,4,0,192,0,0
1790485279.442663,419369217,1,8,66,80,5,171,65,168,0,0,0
1790485279.442871,268698629,1,7,180,239,197,71,4,0,192,0,0
1790485279.445444,419369473,1,6,0,0,64,254,8,82,0,0,0
1790485279.461224,268698629,1,7,186,239,197,71,4,0,192,0,0
1790485279.484374,268698629,1,7,192,239,197,71,4,0,192,0,0
1790485279.495328,419369473,1,6,0,0,64,254,14,202,0,0,0
1790485279.503661,268698629,1,7,197,239,197,71,4,0,192,0,0
1790485279.523210,268698629,1,7,203,239,197,71,4,0,192,0,0
1790485279.544653,419369217,1,8,66,80,5,151,65,168,0,0,0
1790485279.544903,268698629,1,7,209,239,197,71,4,0,192,0,0
1790485279.545287,419369473,1,6,0,0,64,254,21,82,0,0,0
1790485279.545466,419369729,1,4,4,176,0,75,0,0,0,0,0
1790485279.564395,268698629,1,7,214,239,197,71,4,0,192,0,0
1790485279.582908,268698629,1,7,219,239,197,71,4,0,192,0,0
1790485279.595345,419369473,1,6,0,0,64,254,27,232,0,0,0
1790485279.601755,268698629,1,7,225,239,197,71,4,0,192,0,0
1790485279.624238,268698629,1,7,231,239,197,71,4,0,192,0,0
1790485279.644657,268698629,1,7,236,239,197,71,4,0,192,0,0
1790485279.644836,419369217,1,8,66,80,5,131,65,168,0,0,0
1790485279.645320,419369473,1,6,0,0,64,254,34,139,0,0,0
1790485279.663059,268698629,1,7,241,239,197,71,4,0,192,0,0
1790485279.680875,268698629,1,7,246,239,197,71,4,0,192,0,0
1790485279.695328,419369473,1,6,0,0,64,254,41,56,0,0,0
1790485279.701062,268698629,1,7,252,239,197,71,4,0,192,0,0
1790485279.721980,268698629,1,7,1,240,197,71,4,0,192,0,0
1790485279.743812,419369217,1,8,66,80,5,111,65,168,0,0,0
1790485279.745312,268698629,1,7,7,240,197,71,4,0,192,0,0
1790485279.745442,419369473,1,6,0,0,64,254,47,248,0,0,0
1790485279.745487,419369729,1,4,4,176,0,75,0,0,0,0,0
1790485279.763596,268698629,1,7,12,240,197,71,4,0,192,0,0
1790485279.781517,268698629,1,7,17,240,197,71,4,0,192,0,0
1790485279.795326,419369473,1,6,0,0,64,254,54,185,0,0,0
1790485279.804829,268698629,1,7,23,240,197,71,4,0,192,0,0
1790485279.821143,268698629,1,7,28,240,197,71,4,0,192,0,0
1790485279.840789,419369217,1,8,66,80,5,92,65,168,0,0,0
1790485279.845284,419369473,1,6,0,0,64,254,61,138,0,0,0
1790485279.845500,268698629,1,7,34,240,197,71,4,0,192,0,0
1790485279.864526,268698629,1,7,39,240,197,71,4,0,192,0,0
1790485279.883495,268698629,1,7,44,240,197,71,4,0,192,0,0
1790485279.895339,419369473,1,6,0,0,64,254,68,105,0,0,0
1790485279.904285,268698629,1,7,49,240,197,71,4,0,192,0,0
1790485279.921276,268698629,1,7,54,240,197,71,4,0,192,0,0
1790485279.942660,419369217,1,8,66,80,5,71,65,168,0,0,0
1790485279.942979,419369473,1,6,0,0,64,254,74,253,0,0,0
1790485279.943135,419369729,1,4,4,176,0,75,0,0,0,0,0
1790485279.943195,268698629,1,7,59,240,197,71,4,0,192,0,0
1790485279.961038,268698629,1,7,64,240,197,71,4,0,192,0,0
1790485279.984589,268698629,1,7,70,240,197,71,4,0,192,0,0
1790485279.995309,419369473,1,6,0,0,64,254,82,68,0,0,0
1790485280.002055,268698629,1,7,75,240,197,71,4,0,192,0,0
1790485280.020938,268698629,1,7,79,240,197,71,4,0,192,0,0
1790485280.042045,419369217,1,8,66,80,5,50,65,168,0,0,0
1790485280.045276,419369473,1,6,0,0,64,254,89,67,0,0,0
1790485280.045379,268698629,1,7,85,240,197,71,4,0,192,0,0
1790485280.061913,268698629,1,7,90,240,197,71,4,0,192,0,0
1790485280.083082,268698629,1,7,95,240,197,71,4,0,192,0,0
1790485280.095342,419369473,1,6,0,0,64,254,96,78,0,0,0
1790485280.103371,268698629,1,7,100,240,197,71,4,0,192,0,0
1790485280.124251,268698629,1,7,105,240,197,71,4,0,192,0,0
1790485280.141900,419369217,1,8,66,80,5,30,65,168,0,0,0
1790485280.142020,268698629,1,7,110,240,197,71,4,0,192,0,0
1790485280.145273,419369729,1,4,4,176,0,75,0,0,0,0,0
1790485280.145597,419369473,1,6,0,0,64,254,103,109,0,0,0
1790485280.165488,268698629,1,7,115,240,197,71,4,0,192,0,0
1790485280.182962,268698629,1,7,120,240,197,71,4,0,192,0,0
1790485280.195292,419369473,1,6,0,0,64,254,110,128,0,0,0
1790485280.203379,268698629,1,7,125,240,197,71,4,0,192,0,0
1790485280.223713,268698629,1,7,130,240,197,71,4,0,192,0,0
1790485280.244139,419369217,1,8,66,80,5,9,65,168,0,0,0
1790485280.244351,268698629,1,7,135,240,197,71,4,0,192,0,0
1790485280.245300,419369473,1,6,0,0,64,254,117,170,0,0,0
1790485280.264353,268698629,1,7,140,240,197,71,4,0,192,0,0
1790485280.283224,268698629,1,7,144,240,197,71,4,0,192,0,0
1790485280.295342,419369473,1,6,0,0,64,254,124,222,0,0,0
1790485280.304719,268698629,1,7,149,240,197,71,4,0,192,0,0
1790485280.322552,268698629,1,7,153,240,197,71,4,0,192,0,0
1790485280.341074,419369217,1,8,66,80,4,245,65,168,0,0,0
1790485280.345319,419369473,1,6,0,0,64,254,132,26,0,0,0
1790485280.345482,268698629,1,7,159,240,197,71,4,0,192,0,0
1790485280.345563,419369729,1,4,4,176,0,75,0,0,0,0,0
1790485280.364601,268698629,1,7,163,240,197,71,4,0,192,0,0
1790485280.383048,268698629,1,7,168,240,197,71,4,0,192,0,0
1790485280.395373,419369473,1,6,0,0,64,254,139,97,0,0,0
1790485280.402552,268698629,1,7,172,240,197,71,4,0,192,0,0
1790485280.423258,268698629,1,7,177,240,197,71,4,0,192,0,0
1790485280.443819,419369217,1,8,66,80,4,223,65,168,0,0,0
1790485280.445099,268698629,1,7,182,240,197,71,4,0,192,0,0
1790485280.445274,419369473,1,6,0,0,64,254,146,177,0,0,0
1790485280.461961,268698629,1,7,186,240,197,71,4,0,192,0,0
1790485280.484656,268698629,1,7,191,240,197,71,4,0,192,0,0
1790485280.495335,419369473,1,6,0,0,64,254,154,11,0,0,0
1790485280.504236,268698629,1,7,196,240,197,71,4,0,192,0,0
1790485280.523984,268698629,1,7,200,240,197,71,4,0,192,0,0
1790485280.542849,268698629,1,7,205,240,197,71,4,0,192,0,0
1790485280.543076,419369217,1,8,66,80,4,202,65,168,0,0,0
1790485280.545278,419369473,1,6,0,0,64,254,161,109,0,0,0
1790485280.545448,419369729,1,4,4,176,0,75,0,0,0,0,0
1790485280.561428,268698629,1,7,209,240,197,71,4,0,192,0,0
1790485280.582785,268698629,1,7,214,240,197,71,4,0,192,0,0
1790485280.595335,419369473,1,6,0,0,64,254,168,217,0,0,0
1790485280.604080,268698629,1,7,218,240,197,71,4,0,192,0,0
1790485280.623560,268698629,1,7,223,240,197,71,4,0,192,0,0
1790485280.644596,419369217,1,8,66,80,4,181,65,168,0,0,0
1790485280.644781,268698629,1,7,227,240,197,71,4,0,192,0,0
1790485280.645394,419369473,1,6,0,0,64,254,176,82,0,0,0
1790485280.661680,268698629,1,7,231,240,197,71,4,0,192,0,0
1790485280.683853,268698629,1,7,236,240,197,71,4,0,192,0,0
1790485280.695300,419369473,1,6,0,0,64,254,183,204,0,0,0
1790485280.704368,268698629,1,7,240,240,197,71,4,0,192,0,0
1790485280.723033,268698629,1,7,244,240,197,71,4,0,192,0,0
1790485280.744611,419369217,1,8,66,80,4,160,65,168,0,0,0
1790485280.744798,268698629,1,7,249,240,197,71,4,0,192,0,0
1790485280.745272,419369473,1,6,0,0,64,254,191,80,0,0,0
1790485280.745438,419369729,1,4,4,176,0,75,0,0,0,0,0
1790485280.762243,268698629,1,7,253,240,197,71,4,0,192,0,0
1790485280.782552,268698629,1,7,1,241,197,71,4,0,192,0,0
1790485280.795317,419369473,1,6,0,0,64,254,198,223,0,0,0
1790485280.801509,268698629,1,7,5,241,197,71,4,0,192,0,0
1790485280.821958,268698629,1,7,10,241,197,71,4,0,192,0,0
1790485280.841298,419369217,1,8,66,80,4,139,65,168,0,0,0
1790485280.845338,419369473,1,6,0,0,64,254,206,118,0,0,0
1790485280.845423,268698629,1,7,14,241,197,71,4,0,192,0,0
1790485280.862803,268698629,1,7,18,241,197,71,4,0,192,0,0
1790485280.881610,268698629,1,7,22,241,197,71,4,0,192,0,0
1790485280.895350,419369473,1,6,0,0,64,254,214,19,0,0,0
1790485280.904457,268698629,1,7,27,241,197,71,4,0,192,0,0
1790485280.921861,268698629,1,7,30,241,197,71,4,0,192,0,0
1790485280.943426,419369217,1,8,66,80,4,117,65,168,0,0,0
1790485280.945288,268698629,1,7,35,241,197,71,4,0,192,0,0
1790485280.945395,419369729,1,4,4,176,0,75,0,0,0,0,0
1790485280.945449,419369473,1,6,0,0,64,254,221,190,0,0,0
1790485280.964162,268698629,1,7,39,241,197,71,4,0,192,0,0
1790485280.984120,268698629,1,7,43,241,197,71,4,0,192,0,0
1790485280.995316,419369473,1,6,0,0,64,254,229,101,0,0,0
1790485281.004380,268698629,1,7,47,241,197,71,4,0,192,0,0
1790485281.021937,268698629,1,7,51,241,197,71,4,0,192,0,0
1790485281.042803,419369217,1,8,66,80,4,96,65,168,0,0,0
1790485281.045296,268698629,1,7,55,241,197,71,4,0,192,0,0
1790485281.045376,419369473,1,6,0,0,64,254,237,28,0,0,0
1790485281.060939,268698629,1,7,58,241,197,71,4,0,192,0,0
1790485281.082580,268698629,1,7,63,241,197,71,4,0,192,0,0
1790485281.095378,419369473,1,6,0,0,64,254,244,214,0,0,0
1790485281.103144,268698629,1,7,67,241,197,71,4,0,192,0,0
1790485281.124662,268698629,1,7,71,241,197,71,4,0,192,0,0
1790485281.143555,268698629,1,7,75,241,197,71,4,0,192,0,0
1790485281.143737,419369217,1,8,66,80,4,74,65,168,0,0,0
1790485281.145296,419369473,1,6,0,0,64,254,252,149,0,0,0
1790485281.145440,419369729,1,4,4,176,0,75,0,0,0,0,0
1790485281.164883,268698629,1,7,79,241,197,71,4,0,192,0,0
1790485281.183961,268698629,1,7,82,241,197,71,4,0,192,0,0
1790485281.195318,419369473,1,6,0,0,64,255,4,94,0,0,0
1790485281.203533,268698629,1,7,86,241,197,71,4,0,192,0,0
1790485281.225011,268698629,1,7,90,241,197,71,4,0,192,0,0
1790485281.243114,268698629,1,7,93,241,197,71,4,0,192,0,0
1790485281.243302,419369217,1,8,66,80,4,52,65,168,0,0,0
1790485281.245307,419369473,1,6,0,0,64,255,12,45,0,0,0
1790485281.260969,268698629,1,7,97,241,197,71,4,0,192,0,0
1790485281.281243,268698629,1,7,101,241,197,71,4,0,192,0,0
1790485281.295351,419369473,1,6,0,0,64,255,20,3,0,0,0
1790485281.305398,268698629,1,7,105,241,197,71,4,0,192,0,0
1790485281.322188,268698629,1,7,108,241,197,71,4,0,192,0,0
1790485281.344973,419369217,1,8,66,80,4,30,65,168,0,0,0
